name,team,position,cap_number_17_18,cap_number_18_19,salary_17_18,salary_18_19,salary_19_20,salary_20_21,salary_21_22
"Kane, Patrick",CHI,Right,10.500,10.500,13.800,12.000,9.800,7.000,6.900
"Toews, Jonathan",CHI,Center,10.500,10.500,13.800,12.000,9.800,7.000,6.900
"Kopitar, Anze",LAK,Center,10.000,10.000,13.000,12.000,11.000,8.000,8.000
"Ovechkin, Alex",WAS,Left,9.538,9.538,10.000,10.000,10.000,10.000,UFA
"Malkin, Evgeni",PIT,Center,9.500,9.500,9.500,9.500,9.500,9.500,9.500
"Benn, Jamie",DAL,Left,9.500,9.500,13.000,13.000,13.000,9.000,8.500
"Subban, P.K.",NAS,Defence,9.000,9.000,11.000,10.000,10.000,8.000,8.000
"Crosby, Sidney",PIT,Center,8.700,8.700,10.900,10.000,9.000,9.600,9.000
"Perry, Corey",ANA,Right,8.625,8.625,10.000,9.000,8.000,7.000,UFA
"Lundqvist, Henrik",NYR,Goaltender,8.500,8.500,9.000,7.500,7.000,5.500,UFA
"Stamkos, Steven",TBL,Center,8.500,8.500,9.500,9.500,9.500,9.500,7.500
"Giroux, Claude",PHI,Center,8.275,8.275,9.000,9.000,8.000,7.200,5.000
"Getzlaf, Ryan",ANA,Center,8.250,8.250,9.025,8.950,8.275,6.000,UFA
"Voracek, Jakub",PHI,Right,8.250,8.250,10.000,9.250,9.250,6.250,7.500
"Burns, Brent",SJS,Defence,8.000,8.000,10.000,10.000,10.000,10.000,7.500
"Hedman, Victor",TBL,Defence,7.875,7.875,8.000,8.000,8.000,8.000,8.000
"Weber, Shea",MTL,Defence,7.857,7.857,12.000,6.000,6.000,6.000,6.000
"Nash, Rick",NYR,Left,7.800,0.000,8.200,UFA,,,
"Byfuglien, Dustin",WPG,Defence,7.600,7.600,8.000,8.000,8.000,6.000,UFA
"Suter, Ryan",MIN,Defence,7.538,7.538,9.000,9.000,9.000,8.000,6.000
"Parise, Zach",MIN,Left,7.538,7.538,9.000,9.000,9.000,8.000,6.000
"OReilly, Ryan",BUF,Center,7.500,7.500,9.000,8.500,6.000,6.000,6.000
"Spezza, Jason",DAL,Center,7.500,7.500,7.500,7.500,UFA,,
"Ekblad, Aaron",FLA,Defence,7.500,7.500,9.000,7.000,9.000,6.000,9.000
"Tarasenko, Vladimir",STL,Right,7.500,7.500,7.000,7.000,9.500,5.500,9.500
"Bobrovsky, Sergei",CLB,Goaltender,7.425,7.425,6.500,6.200,UFA,,
"Krejci, David",BOS,Center,7.250,7.250,7.500,7.500,7.000,7.000,UFA
"Letang, Kris",PIT,Defence,7.250,7.250,7.250,7.250,7.250,7.250,7.250
"Ryan, Bobby",OTT,Right,7.250,7.250,7.250,7.500,7.500,7.500,7.500
"Sedin, Daniel",VAN,Left,7.000,0.000,7.000,UFA,,,
"Sedin, Henrik",VAN,Center,7.000,0.000,7.000,UFA,,,
"Stastny, Paul",STL,Center,7.000,0.000,7.500,UFA,,,
"Rinne, Pekka",NAS,Goaltender,7.000,7.000,7.000,7.000,UFA,,
"Doughty, Drew",LAK,Defence,7.000,7.000,7.600,7.650,UFA,,
"Rask, Tuukka",BOS,Goaltender,7.000,7.000,7.500,7.000,6.500,6.500,UFA
"Phaneuf, Dion",OTT,Defence,7.000,7.000,7.000,6.500,6.500,5.500,UFA
"Kesler, Ryan",ANA,Center,6.875,6.875,6.675,6.675,6.675,6.675,6.675
"Bergeron, Patrice",BOS,Center,6.875,6.875,8.750,6.875,4.375,4.375,4.375
"Seabrook, Brent",CHI,Defence,6.875,6.875,9.000,9.000,7.500,5.000,6.000
"Kessel, Phil",PIT,Right,6.800,6.800,9.000,7.000,7.000,6.000,6.000
"Koivu, Mikko",MIN,Center,6.750,0.000,9.180,UFA,,,
"Giordano, Mark",CGY,Defence,6.750,6.750,6.750,6.750,6.750,6.750,6.750
"Gaudreau, Johnny",CGY,Left,6.750,6.750,6.750,6.750,6.750,6.750,6.750
"Backstrom, Nicklas",WAS,Center,6.700,6.700,7.500,7.500,8.000,UFA,
"Price, Carey",MTL,Goaltender,6.500,0.000,7.000,UFA,,,
"Pietrangelo, Alex",STL,Defence,6.500,6.500,7.000,7.000,7.500,UFA,
"Karlsson, Erik (b. 1990)",OTT,Defence,6.500,6.500,7.000,7.500,UFA,,
"Stepan, Derek",NYR,Center,6.500,6.500,7.000,6.000,5.000,5.000,UFA
"Monahan, Sean",CGY,Center,6.375,6.375,6.500,6.750,6.750,6.000,6.125
"Yandle, Keith",FLA,Defence,6.350,6.350,7.500,7.500,5.750,5.750,5.250
"MacKinnon, Nathan",COL,Center,6.300,6.300,5.750,6.750,6.750,6.150,6.850
"Marchand, Brad",BOS,Center,6.125,6.125,8.000,8.000,7.500,5.000,6.500
"Scheifele, Mark",WPG,Center,6.125,6.125,6.750,6.750,6.750,5.500,6.750
"Holtby, Braden",WAS,Goaltender,6.100,6.100,7.000,5.000,5.000,UFA,
"Zetterberg, Henrik",DET,Left,6.083,6.083,7.000,3.350,1.000,1.000,UFA
"Crawford, Corey",CHI,Goaltender,6.000,6.000,6.000,6.000,5.000,UFA,
"Plekanec, Tomas",MTL,Center,6.000,0.000,5.000,UFA,,,
"Lucic, Milan",EDM,Left,6.000,6.000,8.000,7.000,6.000,4.000,5.000
"Staal, Jordan",CAR,Center,6.000,6.000,6.000,6.000,6.000,6.000,6.000
"Schneider, Cory",NJD,Goaltender,6.000,6.000,6.000,6.000,6.000,6.000,6.000
"Eriksson, Loui",VAN,Left,6.000,6.000,8.000,7.000,5.000,4.000,4.000
"Pavelski, Joe",SJS,Center,6.000,6.000,6.000,6.000,UFA,,
"Backes, David",BOS,Center,6.000,6.000,8.000,6.000,4.000,4.000,UFA
"Green, Mike",DET,Defence,6.000,0.000,6.000,UFA,,,
"Okposo, Kyle",BUF,Right,6.000,6.000,8.000,6.000,6.000,6.000,4.000
"Boychuk, Johnny",NYI,Defence,6.000,6.000,7.000,6.500,6.000,4.000,4.000
"Duchene, Matt",COL,Center,6.000,6.000,6.000,6.000,UFA,,
"Hall, Taylor",NJD,Left,6.000,6.000,6.000,6.000,6.000,UFA,
"Eberle, Jordan",EDM,Right,6.000,6.000,6.000,6.000,UFA,,
"Couture, Logan",SJS,Center,6.000,6.000,6.000,6.000,UFA,,
"Johnson, Erik",COL,Defence,6.000,6.000,6.000,6.000,6.000,6.000,6.000
"Nugent-Hopkins, Ryan",EDM,Center,6.000,6.000,6.000,6.000,6.000,6.000,UFA
"Saad, Brandon",CLB,Left,6.000,6.000,6.250,6.750,6.750,6.500,UFA
"Forsberg, Filip",NAS,Center,6.000,6.000,6.000,6.000,6.000,6.000,6.000
"Panarin, Artemi",CHI,Left,6.000,6.000,6.000,6.000,UFA,,
"Huberdeau, Jonathan",FLA,Center,5.900,5.900,6.200,6.200,6.200,5.300,5.300
"Varlamov, Semyon",COL,Goaltender,5.900,5.900,5.750,5.500,UFA,,
"Barkov, Aleksander",FLA,Center,5.900,5.900,5.250,6.250,6.900,4.750,7.750
"Lehtonen, Kari",DAL,Goaltender,5.900,0.000,5.000,UFA,,,
"Brown, Dustin",LAK,Right,5.875,5.875,6.500,5.500,5.500,4.000,4.000
"Dubinsky, Brandon",CLB,Center,5.850,5.850,5.850,5.850,5.850,5.850,UFA
"Quick, Jonathan",LAK,Goaltender,5.800,5.800,7.000,7.000,7.000,3.500,3.000
"Callahan, Ryan",TBL,Right,5.800,5.800,6.500,4.700,4.700,UFA,
"Hamilton, Dougie",CGY,Defence,5.750,5.750,5.750,5.750,6.000,6.000,UFA
"Fleury, Marc-Andre",PIT,Goaltender,5.750,5.750,5.750,5.750,UFA,,
"Zajac, Travis",NJD,Center,5.750,5.750,6.500,6.500,5.750,5.750,UFA
"Enstrom, Toby",WPG,Defence,5.750,0.000,5.750,UFA,,,
"Steen, Alexander",STL,Center,5.750,5.750,7.000,7.000,5.500,3.500,UFA
"Seguin, Tyler",DAL,Center,5.750,5.750,6.000,6.500,UFA,,
"Niskanen, Matt",WAS,Defence,5.750,5.750,5.750,5.750,5.750,5.750,UFA
"Skinner, Jeff",CAR,Center,5.725,5.725,6.000,6.000,UFA,,
"Staal, Marc",NYR,Defence,5.700,5.700,6.000,6.000,5.000,4.200,UFA
"Smith, Mike",ARI,Goaltender,5.667,5.667,6.000,5.000,UFA,,
"Wheeler, Blake",WPG,Right,5.600,5.600,5.800,5.800,UFA,,
"Pominville, Jason",MIN,Right,5.600,5.600,5.000,5.000,UFA,,
"Landeskog, Gabriel",COL,Right,5.571,5.571,6.000,6.000,6.000,6.500,UFA
"Keith, Duncan",CHI,Defence,5.538,5.538,5.000,4.500,3.500,2.650,2.100
"Foligno, Nick",CLB,Left,5.500,5.500,5.500,5.500,5.500,5.500,UFA
"Orpik, Brooks",WAS,Defence,5.500,5.500,5.500,4.500,UFA,,
"Girardi, Dan",NYR,Defence,5.500,5.500,5.000,4.000,4.000,UFA,
"Bolland, Dave",ARI,Center,5.500,5.500,5.500,5.500,UFA,,
"Tavares, John",NYI,Center,5.500,0.000,6.000,UFA,,,
"Leddy, Nick",NYI,Defence,5.500,5.500,5.000,5.500,6.000,6.500,7.000
"Ekman-Larsson, Oliver",ARI,Defence,5.500,5.500,6.500,7.000,UFA,,
"Barrie, Tyson",COL,Defence,5.500,5.500,5.250,5.750,6.000,UFA,
"Myers, Tyler",WPG,Defence,5.500,5.500,3.500,3.000,UFA,,
"Sekera, Andrej",EDM,Defence,5.500,5.500,5.500,5.500,4.500,4.500,UFA
"Petry, Jeff",MTL,Defence,5.500,5.500,6.000,5.000,4.000,4.000,UFA
"Ladd, Andrew",NYI,Left,5.500,5.500,7.500,6.000,5.000,4.000,4.000
"Goligoski, Alex",ARI,Defence,5.475,5.475,6.100,6.100,5.800,4.000,UFA
"Ristolainen, Rasmus",BUF,Defence,5.400,5.400,5.400,5.400,5.400,5.400,5.400
"Bouwmeester, Jay",STL,Defence,5.400,5.400,5.400,5.400,UFA,,
"Jones, Seth",CLB,Defence,5.400,5.400,5.400,5.400,5.400,5.400,5.400
"Schwartz, Jaden",STL,Left,5.350,5.350,5.500,6.250,5.750,4.000,UFA
"Horton, Nathan",TOR,Center,5.300,5.300,6.000,4.500,3.600,UFA,
"Howard, Jimmy",DET,Goaltender,5.292,5.292,5.000,4.250,UFA,,
"Hossa, Marian",CHI,Right,5.275,5.275,1.000,1.000,1.000,1.000,UFA
"Carter, Jeff",LAK,Center,5.273,5.273,6.500,5.000,3.000,2.000,2.000
"Nielsen, Frans",DET,Center,5.250,5.250,6.000,6.000,5.500,5.000,3.000
"Krug, Torey",BOS,Defence,5.250,5.250,5.500,5.500,5.000,UFA,
"Lupul, Joffrey",TOR,Right,5.250,0.000,3.750,UFA,,,
"Lindholm, Hampus",ANA,Defence,5.250,5.250,6.000,6.750,5.250,3.750,6.750
"Kane, Evander",BUF,Left,5.250,0.000,6.000,UFA,,,
"Clarkson, David",CLB,Right,5.250,5.250,7.000,4.750,3.250,UFA,
"Spurgeon, Jared",MIN,Defence,5.188,5.188,5.500,5.500,5.500,UFA,
"Hoffman, Mike",OTT,Center,5.188,5.188,5.650,5.650,5.650,UFA,
"Bogosian, Zach",BUF,Defence,5.143,5.143,5.500,6.000,6.000,UFA,
"Schenn, Brayden",PHI,Center,5.125,5.125,5.000,5.000,4.500,UFA,
"Andersen, Frederik",TOR,Goaltender,5.000,5.000,5.000,5.000,5.000,5.000,UFA
"Edler, Alexander",VAN,Defence,5.000,5.000,6.000,4.500,UFA,,
"Greene, Andy",NJD,Defence,5.000,5.000,5.000,5.000,5.000,UFA,
"Neal, James",NAS,Left,5.000,0.000,5.000,UFA,,,
"Cammalleri, Michael",NJD,Center,5.000,5.000,5.000,5.000,UFA,,
"Rielly, Morgan",TOR,Defence,5.000,5.000,5.000,5.000,5.000,5.000,5.000
"Smith, Reilly",FLA,Right,5.000,5.000,6.000,6.000,5.000,3.500,4.500
"DeKeyser, Danny",DET,Defence,5.000,5.000,5.500,5.500,5.500,4.500,5.000
"Grabovski, Mikhail",NYI,Center,5.000,0.000,6.000,UFA,,,
"Brassard, Derick",OTT,Center,5.000,5.000,3.500,3.500,UFA,,
"MacDonald, Andrew",PHI,Defence,5.000,5.000,5.250,5.500,5.750,UFA,
"Moulson, Matt",BUF,Left,5.000,5.000,5.000,3.000,UFA,,
"Filppula, Valtteri",PHI,Center,5.000,0.000,5.000,UFA,,,
"Bishop, Ben",DAL,Goaltender,4.917,4.917,7.000,6.500,5.500,3.500,3.500
"Methot, Marc",OTT,Defence,4.900,4.900,4.900,4.900,UFA,,
"Vatanen, Sami",ANA,Defence,4.875,4.875,5.000,5.000,4.500,UFA,
"Gaborik, Marian",LAK,Left,4.875,4.875,5.075,4.575,3.175,3.075,UFA
"Martin, Paul",SJS,Defence,4.850,4.850,4.400,4.250,UFA,,
"Clowe, Ryane",NJD,Right,4.850,0.000,4.850,UFA,,,
"Faulk, Justin",CAR,Defence,4.833,4.833,5.500,6.000,6.000,UFA,
"Kucherov, Nikita",TBL,Right,4.767,4.767,4.500,5.550,RFA,,
"Kronwall, Niklas",DET,Defence,4.750,4.750,3.500,1.750,UFA,,
"Hartnell, Scott",CLB,Right,4.750,4.750,4.500,3.000,UFA,,
"Trocheck, Vincent",FLA,Center,4.750,4.750,4.500,5.250,5.250,3.500,6.250
"Soderberg, Carl",COL,Center,4.750,4.750,5.000,5.000,4.000,UFA,
"Nyquist, Gustav",DET,Center,4.750,4.750,5.250,5.500,UFA,,
"Lehtera, Jori",STL,Center,4.700,4.700,4.700,5.000,UFA,,
"Little, Bryan",WPG,Center,4.700,0.000,5.000,UFA,,,
"McDonagh, Ryan",NYR,Defence,4.700,4.700,5.100,5.300,UFA,,
"MacArthur, Clarke",OTT,Left,4.650,4.650,4.750,4.750,4.750,UFA,
"Brodie, T.J.",CGY,Defence,4.650,4.650,4.838,4.838,4.838,UFA,
"Palmieri, Kyle",NJD,Center,4.650,4.650,4.500,5.000,5.000,4.250,UFA
"Kreider, Chris",NYR,Left,4.625,4.625,5.000,4.500,4.000,UFA,
"Garrison, Jason",TBL,Defence,4.600,0.000,2.500,UFA,,,
"Ennis, Tyler",BUF,Left,4.600,4.600,3.650,3.650,UFA,,
"Toffoli, Tyler",LAK,Center,4.600,4.600,4.600,4.600,4.600,UFA,
"Johansson, Marcus",WAS,Center,4.583,4.583,4.750,4.750,UFA,,
"Anisimov, Artem",CHI,Center,4.550,4.550,5.000,5.000,4.000,3.000,UFA
"Luongo, Roberto",FLA,Goaltender,4.533,4.533,6.714,3.382,1.618,1.000,1.000
"Zaitsev, Nikita",TOR,Defence,4.500,4.500,4.500,4.500,4.500,4.500,4.500
"Stralman, Anton",TBL,Defence,4.500,4.500,4.500,4.500,UFA,,
"Brouwer, Troy",CGY,Right,4.500,4.500,4.500,4.500,4.500,UFA,
"Pacioretty, Max",MTL,Left,4.500,4.500,5.000,5.000,UFA,,
"Niemi, Antti",DAL,Goaltender,4.500,0.000,4.500,UFA,,,
"Kadri, Nazem",TOR,Center,4.500,4.500,5.000,4.500,4.500,4.000,4.000
"Beauchemin, Francois",COL,Defence,4.500,0.000,4.500,UFA,,,
"Demers, Jason",FLA,Defence,4.500,4.500,5.400,4.400,3.600,3.600,UFA
"Shipachyov, Vadim",VGK,Center,4.500,4.500,5.000,4.000,UFA,,
"Zuccarello, Mats",NYR,Left,4.500,4.500,4.500,4.500,UFA,,
"Gostisbehere, Shayne",PHI,Defence,4.500,4.500,6.000,6.000,5.250,3.250,3.250
"Halak, Jaroslav",NYI,Goaltender,4.500,0.000,5.000,UFA,,,
"Tanev, Christopher",VAN,Defence,4.450,4.450,5.000,5.000,5.250,UFA,
"Killorn, Alex",TBL,Center,4.450,4.450,4.450,4.450,4.450,4.450,4.450
"Sutter, Brandon",VAN,Center,4.375,4.375,4.250,4.375,4.500,4.500,UFA
"Johnson, Jack",CLB,Defence,4.357,0.000,5.000,UFA,,,
"Allen, Jake",STL,Goaltender,4.350,4.350,3.850,4.350,5.200,4.000,UFA
"Couturier, Sean",PHI,Center,4.333,4.333,4.000,4.250,4.500,4.750,4.750
"Dubnyk, Devan",MIN,Goaltender,4.333,4.333,5.000,5.000,3.500,2.500,UFA
"Frolik, Michael",CGY,Center,4.300,4.300,4.000,4.000,3.000,UFA,
"Klingberg, John",DAL,Defence,4.250,4.250,3.500,4.500,5.000,5.750,6.000
"Vlasic, Marc-Edouard",SJS,Defence,4.250,0.000,4.250,UFA,,,
"Van Riemsdyk, James",TOR,Left,4.250,0.000,5.000,UFA,,,
"Hornqvist, Patric",PIT,Right,4.250,0.000,4.750,UFA,,,
"Abdelkader, Justin",DET,Left,4.250,4.250,5.000,5.000,4.750,3.500,3.000
"Ericsson, Jonathan",DET,Defence,4.250,4.250,4.250,4.250,4.250,UFA,
"Savard, David",CLB,Defence,4.250,4.250,4.000,4.750,5.000,4.000,UFA
"Smith, Craig",NAS,Center,4.250,4.250,4.250,4.500,4.750,UFA,
"Bozak, Tyler",TOR,Center,4.200,0.000,4.000,UFA,,,
"Anderson, Craig",OTT,Goaltender,4.200,0.000,3.100,UFA,,,
"Kulemin, Nikolay",NYI,Left,4.188,0.000,5.250,UFA,,,
"Klefbom, Oscar",EDM,Defence,4.167,4.167,3.500,4.000,4.500,4.500,4.500
"Talbot, Cam",EDM,Goaltender,4.167,4.167,4.150,4.200,UFA,,
"Larsson, Adam",EDM,Defence,4.167,4.167,4.500,4.850,5.050,5.100,UFA
"Brodin, Jonas",MIN,Defence,4.167,4.167,4.500,5.750,4.750,3.500,UFA
"Darling, Scott",CAR,Goaltender,4.150,4.150,4.750,4.750,4.100,3.000,UFA
"Perreault, Mathieu",WPG,Center,4.125,4.125,4.500,4.000,4.000,4.000,UFA
"Hjalmarsson, Niklas",CHI,Defence,4.100,4.100,4.000,4.000,UFA,,
"Emelin, Alexei",MTL,Defence,4.100,0.000,4.400,UFA,,,
"Bjugstad, Nick",FLA,Center,4.100,4.100,3.850,4.300,5.000,5.250,UFA
"Maatta, Olli",PIT,Defence,4.083,4.083,4.083,4.083,4.083,4.083,4.083
"Gardiner, Jake",TOR,Defence,4.050,4.050,4.050,3.450,UFA,,
"Hagelin, Carl",PIT,Left,4.000,4.000,3.667,3.667,UFA,,
"Bieksa, Kevin",ANA,Defence,4.000,0.000,4.000,UFA,,,
"Chara, Zdeno",BOS,Defence,4.000,0.000,4.000,UFA,,,
"Rask, Victor",CAR,Center,4.000,4.000,4.000,4.000,4.000,4.000,4.000
"Pouliot, Benoit",EDM,Left,4.000,4.000,4.000,4.000,UFA,,
"Fowler, Cam",ANA,Defence,4.000,0.000,4.000,UFA,,,
"Henrique, Adam",NJD,Center,4.000,4.000,5.000,5.500,UFA,,
"Muzzin, Jake",LAK,Defence,4.000,4.000,4.100,4.450,4.450,UFA,
"Scandella, Marco",MIN,Defence,4.000,4.000,4.000,4.500,4.750,UFA,
"Martinez, Alec",LAK,Defence,4.000,4.000,4.000,4.050,4.150,4.000,UFA
"Mrazek, Petr",DET,Goaltender,4.000,0.000,4.150,RFA,,,
"Josi, Roman",NAS,Defence,4.000,4.000,5.000,5.250,4.000,UFA,
"Jokinen, Jussi",FLA,Left,4.000,0.000,4.000,UFA,,,
"Boedker, Mikkel",SJS,Right,4.000,4.000,4.800,3.000,3.000,UFA,
"Simmonds, Wayne",PHI,Right,3.975,3.975,4.750,5.000,UFA,,
"Carlson, John",WAS,Defence,3.967,0.000,4.000,UFA,,,
"Franzen, Johan",DET,Center,3.955,3.955,2.000,1.000,1.000,UFA,
"Wilson, Colin",NAS,Center,3.938,3.938,4.000,4.000,UFA,,
"Gorges, Josh",BUF,Defence,3.900,0.000,3.900,UFA,,,
"Shaw, Andrew",MTL,Center,3.900,3.900,5.000,4.000,3.250,2.750,2.900
"Hamonic, Travis",NYI,Defence,3.857,3.857,4.875,4.875,4.875,UFA,
"Helm, Darren",DET,Center,3.850,3.850,4.500,3.750,3.000,3.000,UFA
"Berglund, Patrik",STL,Center,3.850,3.850,4.700,4.700,4.500,2.900,2.450
"Eakin, Cody",DAL,Center,3.850,3.850,3.850,3.850,3.850,UFA,
"Murphy, Connor",ARI,Defence,3.850,3.850,4.600,4.500,4.400,3.200,4.000
"Rakell, Rickard",ANA,Right,3.800,3.800,3.800,3.800,3.800,3.800,3.800
"Beleskey, Matt",BOS,Left,3.800,3.800,4.000,4.000,3.000,UFA,
"Braun, Justin",SJS,Defence,3.800,3.800,3.800,3.800,3.800,UFA,
"Matthews, Auston",TOR,Center,3.775,3.775,0.925,0.925,RFA,,
"Eichel, Jack",BUF,Center,3.775,0.000,0.925,RFA,,,
"McDavid, Connor",EDM,Center,3.775,0.000,0.925,RFA,,,
"Vesey, Jimmy",NYR,Left,3.775,0.000,0.925,RFA,,,
"Hamhuis, Dan",DAL,Defence,3.750,0.000,3.000,UFA,,,
"Gallagher, Brendan",MTL,Right,3.750,3.750,2.750,3.000,4.000,2.750,UFA
"Ekholm, Mattias",NAS,Defence,3.750,3.750,3.500,4.000,4.000,3.000,5.000
"Silfverberg, Jakob",ANA,Right,3.750,3.750,3.750,3.750,UFA,,
"Pearson, Tanner",LAK,Left,3.750,3.750,3.500,3.800,3.850,3.850,UFA
"Lee, Anders",NYI,Center,3.750,3.750,4.500,5.000,UFA,,
"Murray, Matt",PIT,Goaltender,3.750,3.750,3.750,3.750,3.750,RFA,
"Perron, David",STL,Left,3.750,0.000,3.750,UFA,,,
"Coburn, Braydon",TBL,Defence,3.700,3.700,3.700,3.700,UFA,,
"Despres, Simon",ANA,Defence,3.700,3.700,3.100,4.700,4.700,3.400,UFA
"Markstrom, Jacob",VAN,Goaltender,3.667,3.667,3.400,3.600,4.000,UFA,
"Fayne, Mark",EDM,Defence,3.625,0.000,3.500,UFA,,,
"Read, Matt",PHI,Right,3.625,0.000,3.500,UFA,,,
"Fayne, Mark",EDM,Defence,3.625,0.000,3.500,UFA,,,
"Sbisa, Luca",VAN,Defence,3.600,0.000,4.000,UFA,,,
"Backlund, Mikael",CGY,Center,3.575,0.000,3.575,UFA,,,
"Laine, Patrik",WPG,Right,3.575,3.575,0.925,0.925,RFA,,
"Reinhart, Sam",BUF,Center,3.544,0.000,0.833,RFA,,,
"Clutterbuck, Cal",NYI,Right,3.500,3.500,5.000,4.000,3.500,2.500,2.500
"Eller, Lars",WAS,Center,3.500,0.000,4.750,UFA,,,
"Stone, Mark",OTT,Right,3.500,0.000,4.500,RFA,,,
"Atkinson, Cam",CLB,Right,3.500,0.000,4.500,UFA,,,
"Turris, Kyle",OTT,Center,3.500,0.000,4.000,UFA,,,
"Vasilevskiy, Andrei",TBL,Goaltender,3.500,3.500,3.000,3.500,4.000,RFA,
"Sobotka, Vladimir",STL,Center,3.500,3.500,4.000,3.500,3.000,UFA,
"Staal, Eric",MIN,Center,3.500,3.500,3.500,3.500,UFA,,
"Dubois, Pierre-Luc",CLB,Center,3.425,3.425,0.925,0.925,RFA,,
"Puljujarvi, Jesse",EDM,Right,3.425,3.425,0.925,0.925,RFA,,
"Reimer, James",FLA,Goaltender,3.400,3.400,3.200,3.100,3.100,3.100,UFA
"Cizikas, Casey",NYI,Center,3.350,3.350,3.000,3.500,3.750,4.000,UFA
"Gudas, Radko",PHI,Defence,3.350,3.350,3.500,3.400,2.500,UFA,
"Strome, Dylan",ARI,Center,3.338,3.338,0.925,0.833,0.833,RFA,
"Greiss, Thomas",NYI,Goaltender,3.333,3.333,3.000,3.250,3.750,UFA,
"McGinn, Jamie",ARI,Left,3.333,3.333,3.500,3.500,UFA,,
"Ward, Cam",CAR,Goaltender,3.300,0.000,3.100,UFA,,,
"Bailey, Josh",NYI,Center,3.300,0.000,4.000,UFA,,,
"Ward, Joel",SJS,Right,3.275,0.000,3.275,UFA,,,
"Dillon, Brenden",SJS,Defence,3.270,3.270,3.400,3.900,3.900,UFA,
"Stoner, Clayton",ANA,Defence,3.250,0.000,3.250,UFA,,,
"Smith, Zack",OTT,Center,3.250,3.250,3.250,3.250,3.250,3.250,UFA
"Coyle, Charlie",MIN,Center,3.200,3.200,3.500,3.750,4.250,UFA,
"Stajan, Matt",CGY,Center,3.125,0.000,2.500,UFA,,,
"Kruger, Marcus",CHI,Center,3.083,3.083,3.475,2.300,UFA,,
"Dal Colle, Michael",NYI,Left,3.063,3.063,0.833,0.833,RFA,,
"Hertl, Tomas",SJS,Center,3.000,0.000,3.200,RFA,,,
"Cogliano, Andrew",ANA,Center,3.000,0.000,3.300,UFA,,,
"Jones, Martin",SJS,Goaltender,3.000,0.000,3.000,UFA,,,
"Trouba, Jacob",WPG,Defence,3.000,0.000,3.500,RFA,,,
"Komarov, Leo",TOR,Center,2.950,0.000,2.950,UFA,,,
"Demko, Thatcher ",VAN,Goaltender,2.942,2.942,0.925,0.925,RFA,,
"Gunnarsson, Carl",STL,Defence,2.900,2.900,2.900,2.900,UFA,,
"Jenner, Boone",CLB,Center,2.900,0.000,2.900,RFA,,,
"Klein, Kevin",NYR,Defence,2.900,0.000,2.750,UFA,,,
"Ceci, Cody",OTT,Defence,2.800,0.000,3.350,RFA,,,
"Hutton, Ben",VAN,Defence,2.800,2.800,2.800,2.800,RFA,,
"Panik, Richard",CHI,Right,2.800,2.800,2.800,2.800,UFA,,
"Lack, Eddie",CAR,Goaltender,2.750,0.000,3.000,UFA,,,
"McQuaid, Adam",BOS,Defence,2.750,2.750,3.000,2.000,UFA,,
"Lindholm, Elias",CAR,Center,2.700,0.000,2.900,RFA,,,
"Lovejoy, Ben",NJD,Defence,2.667,2.667,2.750,2.750,UFA,,
"Dorsett, Derek",VAN,Right,2.650,2.650,2.500,2.500,UFA,,
"Stuart, Mark",WPG,Defence,2.625,0.000,1.750,UFA,,,
"Miller, J.T.",NYR,Center,2.625,0.000,2.750,RFA,,,
"Hayes, Kevin",NYR,Right,2.600,0.000,2.600,RFA,,,
"Weiss, Stephen",DET,Center,2.567,2.567,2.567,1.667,1.667,1.667,
"Dumba, Mathew",MIN,Defence,2.550,0.000,2.750,RFA,,,
"Greene, Matt",LAK,Defence,2.500,0.000,2.500,UFA,,,
"Martin, Matt",TOR,Left,2.500,2.500,2.500,2.250,1.750,UFA,
"Colborne, Joe",COL,Center,2.500,0.000,2.500,UFA,,,
"Strome, Ryan",NYI,Center,2.500,0.000,3.000,RFA,,,
"Ellis, Ryan",NAS,Defence,2.500,2.500,3.000,3.500,UFA,,
"Miller, Kevan",BOS,Defence,2.500,2.500,2.500,2.500,2.500,UFA,
"Nelson, Brock",NYI,Center,2.500,0.000,3.500,RFA,,,
"Vanek, Thomas",MIN,Left,2.500,0.000,2.500,,,,
"Neuvirth, Michal",PHI,Goaltender,2.500,2.500,2.500,2.500,UFA,,
"Stempniak, Lee",CAR,Right,2.500,0.000,2.500,UFA,,,
"Burrows, Alexandre",OTT,Left,2.500,2.500,2.500,2.500,UFA,,
"Hansen, Jannik",SJS,Right,2.500,0.000,3.000,UFA,,,
"Comeau, Blake",COL,Right,2.400,0.000,2.400,UFA,,,
"Raffl, Michael",PHI,Left,2.350,2.350,2.350,2.350,UFA,,
"Weise, Dale",PHI,Right,2.350,2.350,2.550,2.350,1.750,UFA,
"Semin, Alexander",CAR,Left,2.333,2.333,2.333,2.333,2.333,2.333,
"Gibson, John",ANA,Goaltender,2.300,2.300,2.100,3.300,RFA,,
"Hayes, Jimmy",BOS,Right,2.300,0.000,2.600,UFA,,,
"Murray, Ryan",CLB,Defence,2.285,0.000,2.285,RFA,,,
"Chimera, Jason",NYI,Left,2.250,0.000,2.500,UFA,,,
"Rieder, Tobias",ARI,Center,2.225,0.000,2.450,RFA,,,
"Calvert, Matt",CLB,Left,2.200,0.000,2.900,UFA,,,
"Bouma, Lance",CGY,Center,2.200,0.000,2.300,UFA,,,
"Hickey, Thomas",NYI,Defence,2.200,0.000,3.100,UFA,,,
"Seidenberg, Dennis",BOS,Defence,2.167,2.167,2.167,1.167,1.167,,
"Matthias, Shawn",WPG,Center,2.125,0.000,2.125,UFA,,,
"Schlemko, David",SJS,Defence,2.100,2.100,2.250,1.850,1.800,UFA,
"Cole, Ian",PIT,Defence,2.100,0.000,2.500,UFA,,,
"Richardson, Brad",ARI,Center,2.083,0.000,2.250,UFA,,,
"Sheahan, Riley",DET,Center,2.075,0.000,2.075,RFA,,,
"Roussel, Antoine",DAL,Left,2.000,0.000,2.400,UFA,,,
"Lewis, Trevor",LAK,Center,2.000,2.000,2.000,2.000,2.000,UFA,
"Karlsson, Melker",SJS,Center,2.000,2.000,2.000,2.000,2.000,UFA,
"Jarnkrok, Calle",NAS,Center,2.000,2.000,1.800,2.100,2.200,2.200,2.000
"Zucker, Jason",MIN,Left,2.000,0.000,2.000,RFA,,,
"Wilson, Tom",WAS,Right,2.000,0.000,2.250,RFA,,,
"Fehr, Eric",TOR,Center,2.000,0.000,2.000,UFA,,,
"Tyutin, Fedor",CLB,Defence,1.958,1.958,1.958,1.458,1.458,,
"Ribeiro, Mike",ARI,Center,1.944,1.944,1.944,1.944,1.944,,
"Juolevi, Olli",VAN,Defence,1.944,1.944,0.925,0.925,0.833,RFA,
"Namestnikov, Vladislav",TBL,Center,1.938,0.000,1.975,RFA,,,
"Donskoi, Joonas",SJS,Right,1.900,1.900,1.900,1.900,UFA,,
"Baertschi, Sven",VAN,Left,1.850,0.000,2.000,RFA,,,
"Carle, Matthew",TBL,Defence,1.833,1.833,1.833,1.833,1.833,,
"Glendening, Luke",DET,Center,1.800,1.800,2.000,2.000,1.700,1.500,UFA
"Letestu, Mark",EDM,Center,1.800,0.000,1.800,UFA,,,
"Aaltonen, Miro",TOR,Center,1.775,0.000,0.925,RFA,,,
"Poolman, Tucker",WPG,Defence,1.775,0.000,0.925,RFA,,,
"Connor, Kyle",WPG,Left,1.775,1.775,0.925,0.925,RFA,,
"Welinski, Andy",ANA,Defence,1.775,0.000,0.925,RFA,,,
"Miska, Hunter",ARI,Goaltender,1.775,1.775,0.925,0.925,RFA,,
"Hanifin, Noah",CAR,Defence,1.775,0.000,0.925,RFA,,,
"Tkachuk, Matthew",CGY,Left,1.775,1.775,0.925,0.925,RFA,,
"Aho, Sebastian",CAR,Right,1.775,1.775,0.925,0.925,RFA,,
"Kaskisuo, Kasimir",TOR,Goaltender,1.775,0.000,0.925,RFA,,,
"Werenski, Zachary",CLB,Defence,1.775,1.775,0.925,0.925,RFA,,
"Moore, Trevor",TOR,Center,1.775,1.775,0.925,0.925,RFA,,
"Bereglazov, Alexei",NYR,Defence,1.775,1.775,0.925,0.925,RFA,,
"Pionk, Neal",NYR,Defence,1.775,1.775,0.925,0.925,RFA,,
"Ros\u00e9n, Calle",TOR,Left,1.775,1.775,0.925,0.925,RFA,,
"Borgman, Andreas",TOR,Defence,1.775,1.775,0.925,0.925,RFA,,
"Antipin, Viktor",BUF,Defence,1.775,0.000,0.925,RFA,,,
"Beagle, Jay",WAS,Right,1.750,0.000,1.750,UFA,,,
"Vermette, Antoine",ANA,Center,1.750,0.000,1.750,UFA,,,
"Sergachev, Mikhail",MTL,Defence,1.744,1.744,0.925,0.925,0.833,RFA,
"Nylander, William",TOR,Center,1.744,0.000,0.833,RFA,,,
"Virtanen, Jake",VAN,Right,1.744,0.000,0.833,RFA,,,
"Provorov, Ivan",PHI,Defence,1.744,1.744,0.925,0.833,RFA,,
"Marner, Mitchell",TOR,Center,1.744,1.744,0.925,0.833,RFA,,
"Zacha, Pavel",NJD,Center,1.744,1.744,0.925,0.833,RFA,,
"Nylander, Alexander",BUF,Left,1.744,1.744,0.925,0.925,0.833,RFA,
"Nurse, Darnell",EDM,Defence,1.713,0.000,0.833,RFA,,,
"Fleury, Haydn",CAR,Defence,1.713,1.713,0.833,0.833,RFA,,
"Jost, Tyson",COL,Center,1.704,1.704,0.925,0.925,RFA,,
"McNabb, Brayden",LAK,Defence,1.700,0.000,1.800,UFA,,,
"Gurianov, Denis",DAL,Left,1.675,1.675,0.925,0.925,RFA,,
"Keller, Clayton",ARI,Center,1.673,1.673,0.900,0.925,0.833,RFA,
"Moore, John",NJD,Defence,1.667,0.000,1.950,UFA,,,
"Grabner, Michael",NYR,Right,1.650,0.000,1.650,UFA,,,
"Holden, Nick",NYR,Defence,1.650,0.000,1.800,UFA,,,
"Meier, Timo",SJS,Right,1.644,1.644,0.925,0.833,RFA,,
"Ritchie, Nick",ANA,Left,1.627,0.000,0.833,RFA,,,
"Rantanen, Mikko",COL,Right,1.627,1.627,0.925,0.833,RFA,,
"Brown, Logan",OTT,Center,1.604,1.604,0.925,0.925,0.833,RFA,
"Crouse, Lawson",ARI,Left,1.603,1.603,0.925,0.833,RFA,,
"Clifford, Kyle",LAK,Left,1.600,1.600,1.700,1.800,1.900,UFA,
"McCabe, Jake",BUF,Defence,1.600,1.600,1.775,1.775,RFA,,
"Ehlers, Nikolaj",WPG,Left,1.594,0.000,0.833,RFA,,,
"Prout, Dalton",NJD,Defence,1.575,0.000,1.900,UFA,,,
"Richards, Mike",LAK,Center,1.570,1.570,1.570,1.570,1.570,0.700,0.900
"Schmaltz, Nick ",CHI,Center,1.542,1.542,0.925,0.925,RFA,,
"Slepyshev, Anton",EDM,Left,1.525,0.000,0.925,RFA,,,
"Umberger, R.J.",PHI,Center,1.500,0.000,1.500,,,,
"Maroon, Patrick",EDM,Left,1.500,0.000,2.100,UFA,,,
"Jankowski, Mark",CGY,Center,1.494,0.000,0.925,RFA,,,
"Boeser, Brock",VAN,Right,1.492,1.492,0.925,0.925,RFA,,
"Bellemare, Pierre-Edouard",PHI,Left,1.450,1.450,1.450,1.450,UFA,,
"Marchenko, Alexey",TOR,Defence,1.450,0.000,1.600,UFA,,,
"Larkin, Dylan",DET,Center,1.425,0.000,0.925,RFA,,,
"McLeod, Michael",NJD,Center,1.425,1.425,0.925,0.925,RFA,,
"Davidson, Brandon",MTL,Defence,1.425,0.000,1.550,RFA,,,
"Kunin, Luke",MIN,Center,1.425,1.425,0.925,0.925,0.925,RFA,
"Bean, Jake",CAR,Defence,1.394,1.394,0.925,0.925,0.833,RFA,
"MacKenzie, Derek",FLA,Center,1.375,1.375,1.650,1.100,UFA,,
"Pulock, Ryan",NYI,Defence,1.363,0.000,0.833,RFA,,,
"Domi, Max",ARI,Center,1.363,0.000,0.833,RFA,,,
"Morrissey, Joshua",WPG,Defence,1.363,0.000,0.833,RFA,,,
"Honka, Julius",DAL,Defence,1.363,1.363,0.833,0.833,RFA,,
"Vrana, Jakub",WAS,Left,1.363,1.363,0.833,0.833,RFA,,
"Fiala, Kevin",NAS,Left,1.363,1.363,0.833,0.833,RFA,,
"Perlini, Brendan",ARI,Left,1.363,1.363,0.833,0.833,RFA,,
"Morin, Samuel",PHI,Defence,1.363,0.000,0.833,RFA,,,
"Caggiula, Drake",EDM,Left,1.350,0.000,0.925,RFA,,,
"Tuch, Alex",MIN,Right,1.350,1.350,0.925,0.925,RFA,,
"Hammond, Andrew",OTT,Goaltender,1.350,0.000,1.500,UFA,,,
"Fasching, Hudson",BUF,Right,1.350,0.000,0.925,RFA,,,
"Chychrun, Jakob",ARI,Defence,1.350,1.350,0.925,0.925,RFA,,
"Simek, Radim",SJS,Defence,1.350,0.000,0.925,RFA,,,
"Haapala, Henrik",FLA,Left,1.350,1.350,0.925,0.925,RFA,,
"Rutta, Jan",CHI,Defence,1.350,0.000,0.925,UFA,,,
"McLeod, Cody",NAS,Left,1.333,0.000,1.250,UFA,,,
"Gleason, Tim",TOR,Defence,1.333,0.000,1.333,,,,
"Smith-Pelly, Devante",NJD,Right,1.300,0.000,1.350,RFA,,,
"Sanheim, Travis",PHI,Defence,1.294,1.294,0.925,0.833,RFA,,
"Barzal, Mathew",NYI,Center,1.294,1.294,0.925,0.833,RFA,,
"DeBrusk, Jake ",BOS,Left,1.288,1.288,0.925,0.833,0.833,RFA,
"Senyshyn, Zachary ",BOS,Right,1.288,1.288,0.925,0.833,0.833,RFA,
"Zboril, Jakub",BOS,Defence,1.288,1.288,0.925,0.833,0.833,RFA,
"White, Colin (b. 1997)",OTT,Center,1.285,1.285,0.925,0.925,RFA,,
"Nordstrom, Joakim",CAR,Center,1.275,0.000,1.300,RFA,,,
"Milano, Sonny",CLB,Left,1.263,1.263,0.833,0.833,RFA,,
"DeAngelo, Anthony",ARI,Defence,1.263,1.263,0.833,0.833,RFA,,
"McAvoy, Charlie ",BOS,Defence,1.258,1.258,0.925,0.925,RFA,,
"Marincin, Martin",TOR,Defence,1.250,0.000,1.300,RFA,,,
"Condra, Erik",TBL,Right,1.250,0.000,1.500,UFA,,,
"Condra, Erik",TBL,Right,1.250,0.000,1.500,UFA,,,
"Seidenberg, Dennis",NYI,Defence,1.250,0.000,1.250,UFA,,,
"Brown, J.T.",TBL,Right,1.250,0.000,1.250,UFA,,,
"Vermette, Antoine",ARI,Center,1.250,0.000,1.250,,,,
"Schenn, Luke",ARI,Defence,1.250,0.000,1.500,UFA,,,
"Chabot, Thomas",OTT,Defence,1.223,1.223,0.925,0.833,0.833,RFA,
"Rychel, Kerby",TOR,Left,1.213,0.000,0.833,RFA,,,
"Schmaltz, Jordan",STL,Defence,1.208,0.000,0.925,RFA,,,
"Mitchell, Torrey",MTL,Center,1.200,0.000,1.300,UFA,,,
"Khudobin, Anton",BOS,Goaltender,1.200,0.000,1.200,UFA,,,
"Kessel, Phil",TOR,Right,1.200,1.200,1.200,1.200,1.200,1.200,1.200
"Gauthier, Julien",CAR,Right,1.194,1.194,0.925,0.925,0.833,RFA,
"Stalberg, Viktor",NAS,Left,1.167,1.167,1.167,1.167,,,
"Byron, Paul",MTL,Center,1.167,1.167,1.200,1.000,UFA,,
"Bortuzzo, Robert",STL,Defence,1.150,1.150,1.150,1.150,UFA,,
"Hutchinson, Michael",WPG,Goaltender,1.150,0.000,1.300,UFA,,,
"Stewart, Chris",MIN,Right,1.150,0.000,1.100,UFA,,,
"Rubtsov, German ",PHI,Center,1.137,1.137,0.925,0.925,0.925,RFA,
"Merrill, Jon",NJD,Defence,1.137,0.000,1.275,RFA,,,
"Lindblom, Oskar",PHI,Left,1.137,1.137,0.925,0.925,0.925,RFA,
"Reaves, Ryan",STL,Right,1.125,0.000,1.125,UFA,,,
"Hutton, Carter",STL,Goaltender,1.125,0.000,1.000,UFA,,,
"Lowry, Adam",WPG,Left,1.125,0.000,1.250,RFA,,,
"Machovsky, Matej",DET,Goaltender,1.108,0.000,0.926,RFA,,,
"Eriksson Ek, Joel",MIN,Center,1.107,1.107,0.925,0.833,RFA,,
"Beauvillier, Anthony ",NYI,Left,1.107,1.107,0.925,0.833,RFA,,
"Stanley, Logan",WPG,Defence,1.107,1.107,0.925,0.925,0.833,RFA,
"McCann, Jared",FLA,Center,1.107,0.000,0.833,RFA,,,
"Fabbri, Robby",STL,Center,1.107,0.000,0.833,RFA,,,
"Konecny, Travis",PHI,Center,1.107,1.107,0.925,0.833,RFA,,
"Roslovic, Jack",WPG,Center,1.107,1.107,0.925,0.925,0.833,RFA,
"Svechnikov, Evgeny",DET,Left,1.107,1.107,0.925,0.833,RFA,,
"Borowiecki, Mark",OTT,Defence,1.100,0.000,1.000,UFA,,,
"Benn, Jordie",MTL,Defence,1.100,1.100,1.100,1.100,UFA,,
"Fischer, Christian",ARI,Right,1.076,1.076,0.818,0.815,0.833,RFA,
"McCarron, Michael",MTL,Right,1.076,0.000,0.833,RFA,,,
"Ho-Sang, Joshua",NYI,Center,1.076,1.076,0.833,0.833,RFA,,
"Shinkaruk, Hunter",CGY,Center,1.076,0.000,0.833,RFA,,,
"Merkley, Nicholas",ARI,Center,1.076,1.076,0.925,0.833,0.833,RFA,
"Goldobin, Nikolai",VAN,Left,1.076,1.076,0.833,0.833,RFA,,
"Benning, Matt",EDM,Defence,1.075,0.000,0.925,RFA,,,
"Kivelnieks, Matiss",CLB,Goaltender,1.067,1.067,0.925,0.925,0.925,RFA,
"Bjork, Anders",BOS,Center,1.067,1.067,0.925,0.925,0.925,RFA,
"Scherbak, Nikita",MTL,Right,1.063,1.063,0.833,0.833,RFA,,
"Juulsen, Noah",MTL,Defence,1.063,1.063,0.925,0.833,0.833,RFA,
"Montoya, Al",MTL,Goaltender,1.062,1.062,1.000,1.125,UFA,,
"Dvorak, Christian",ARI,Left,1.052,1.052,0.892,0.833,RFA,,
"Domingue, Louis ",ARI,Goaltender,1.050,0.000,1.100,RFA,,,
"Edmundson, Joel",STL,Defence,1.050,0.000,1.200,RFA,,,
"Raymond, Mason",CGY,Left,1.050,0.000,1.050,,,,
"Lemieux, Brendan",WPG,Left,1.039,1.039,0.892,0.833,RFA,,
"McCoshen, Ian",FLA,Defence,1.025,1.025,0.925,0.925,RFA,,
"Compher, J.T.",COL,Left,1.000,1.000,0.925,0.925,RFA,,
"Raanta, Antti",NYR,Goaltender,1.000,0.000,1.000,UFA,,,
"Korpikoski, Lauri",EDM,Left,1.000,0.000,1.000,,,,
"Pickard, Calvin",COL,Goaltender,1.000,0.000,1.075,RFA,,,
"Nystrom, Eric",NAS,Left,1.000,0.000,1.000,,,,
"Jaskin, Dmitrij",STL,Right,1.000,0.000,1.000,RFA,,,
"Wisniewski, James",CAR,Defence,1.000,0.000,1.000,,,,
"Miller, Colin",BOS,Defence,1.000,0.000,1.100,RFA,,,
"Karlsson, William",CLB,Center,1.000,0.000,1.000,RFA,,,
"Connauton, Kevin",ARI,Defence,1.000,0.000,1.050,UFA,,,
"MacEwen, Zack",VAN,Center,0.996,0.996,0.792,0.825,0.925,RFA,
"Heinen, Danton",BOS,Center,0.996,0.996,0.925,0.925,RFA,,
"Manning, Brandon",PHI,Defence,0.975,0.000,1.000,UFA,,,
"Toews, Devon",NYI,Defence,0.963,0.000,0.925,RFA,,,
"Brodziak, Kyle",STL,Center,0.950,0.000,0.900,UFA,,,
"Sceviour, Colton",FLA,Center,0.950,0.000,0.950,UFA,,,
"Nolan, Jordan",LAK,Center,0.950,0.000,1.000,UFA,,,
"McAdam, Eamon",NYI,Goaltender,0.950,0.950,0.925,0.925,RFA,,
"Ingram, Connor",TBL,Goaltender,0.925,0.925,0.743,0.743,0.792,RFA,
"Vigneault, Sam",CLB,Center,0.925,0.925,0.925,0.925,RFA,,
"Kuokkanen, Janne",CAR,Center,0.925,0.925,0.792,0.843,0.892,RFA,
"Mantha, Ryan",EDM,Defence,0.925,0.925,0.843,0.843,0.925,RFA,
"Highmore, Matthew",CHI,Center,0.925,0.925,0.743,0.767,0.818,RFA,
"Mitchell, Mason",WAS,Center,0.925,0.925,0.843,0.925,RFA,,
"Johansen, Lucas",WAS,Defence,0.925,0.925,0.925,0.925,0.925,RFA,
"Day, Sean",NYR,Defence,0.925,0.925,0.743,0.743,0.843,RFA,
"Wagner, Austin",LAK,Left,0.925,0.925,0.743,0.743,0.792,RFA,
"Clague, Kale",LAK,Defence,0.925,0.925,0.767,0.792,0.818,RFA,
"Bindulis, Kris",WAS,Defence,0.925,0.925,0.743,0.792,0.843,RFA,
"Gustafsson, Hampus",WAS,Center,0.925,0.925,0.843,0.925,RFA,,
"Thompson, Tage",STL,Right,0.925,0.925,0.925,0.925,0.925,RFA,
"Meloche, Nicolas ",COL,Defence,0.925,0.925,0.792,0.843,0.925,RFA,
"Duke, Reid",VGK,Center,0.925,0.925,0.743,0.743,0.825,RFA,
"Vay, Adam",MIN,Goaltender,0.925,0.000,0.843,RFA,,,
"Koppanen, Joona",BOS,Center,0.925,0.925,0.743,0.743,0.818,RFA,
"ORegan, Danny",SJS,Center,0.925,0.000,0.925,RFA,,,
"Grzelcyk, Matt",BOS,Defence,0.925,0.000,0.925,RFA,,,
"Bengtsson, Lukas",PIT,Defence,0.925,0.000,0.743,RFA,,,
"Stromwall, Malte",NYR,Left,0.925,0.000,0.743,RFA,,,
"Anas, Sam",MIN,Center,0.925,0.000,0.792,RFA,,,
"Lammikko, Juho",FLA,Right,0.925,0.925,0.743,0.743,RFA,,
"Jacobs, Josh",NJD,Defence,0.925,0.925,0.743,0.767,RFA,,
"Wood, Miles",NJD,Left,0.925,0.925,0.925,0.925,RFA,,
"Nutivaara, Markus",CLB,Defence,0.925,0.000,0.843,RFA,,,
"Laplante, Yan-Pavel ",VAN,Center,0.925,0.925,0.792,0.925,RFA,,
"Kirkland, Justin",NAS,Left,0.925,0.925,0.743,0.743,RFA,,
"Collins, Ryan",CLB,Defence,0.925,0.925,0.792,0.925,0.925,RFA,
"Cholowski, Dennis",DET,Defence,0.925,0.925,0.925,0.925,0.925,RFA,
"Hayden, John",CHI,Center,0.925,0.000,0.925,RFA,,,
"Motte, Tyler",CHI,Center,0.925,0.925,0.925,0.925,RFA,,
"Cirelli, Anthony ",TBL,Center,0.925,0.925,0.743,0.743,RFA,,
"Roy, Matt",LAK,Left,0.925,0.925,0.182,0.925,RFA,,
"Parsons, Tyler",CGY,Goaltender,0.925,0.925,0.743,0.743,0.792,RFA,
"Iafallo, Alex",LAK,Center,0.925,0.925,0.925,0.925,RFA,,
"Lindholm, Anton",COL,Defence,0.925,0.925,0.743,0.743,RFA,,
"Spencer, Matt",TBL,Defence,0.925,0.925,0.743,0.792,RFA,,
"Stecher, Troy",VAN,Defence,0.925,0.000,0.925,RFA,,,
"Aston-Reese, Zach",PIT,Center,0.925,0.925,0.925,0.925,RFA,,
"Yan, Dennis",TBL,Left,0.925,0.925,0.743,0.743,RFA,,
"Guentzel, Jake",PIT,Center,0.925,0.925,0.743,0.792,RFA,,
"Molino, Griffen",VAN,Center,0.925,0.925,0.925,0.925,RFA,,
"Sanford, Zachary",STL,Left,0.925,0.925,0.875,0.875,RFA,,
"Nell, Chris",NYR,Goaltender,0.925,0.925,0.925,0.925,RFA,,
"Gilmour, Adam",MIN,Center,0.925,0.000,0.743,RFA,,,
"Scott, Justin ",CLB,Right,0.925,0.925,0.743,0.843,RFA,,
"Malone, Sean",BUF,Center,0.925,0.000,0.843,RFA,,,
"Graves, Jacob",CLB,Defence,0.925,0.925,0.743,0.843,RFA,,
"Kloos, Justin",MIN,Center,0.925,0.000,0.792,RFA,,,
"Dube, Dillon",CGY,Center,0.925,0.925,0.743,0.743,0.892,RFA,
"Joseph, Mathieu ",TBL,Right,0.925,0.925,0.743,0.743,RFA,,
"Pesce, Brett",CAR,Defence,0.925,0.000,0.892,RFA,,,
"Sadowy, Dylan",DET,Defence,0.925,0.925,0.925,0.925,RFA,,
"Forsbacka Karlsson, Jakob",BOS,Center,0.925,0.925,0.925,0.925,RFA,,
"Stephens, Mitchell ",TBL,Center,0.925,0.925,0.925,0.925,RFA,,
"Johnson, Luke",CHI,Center,0.925,0.925,0.743,0.743,RFA,,
"Buchnevich, Pavel",NYR,Left,0.925,0.925,0.925,0.925,RFA,,
"Bischoff, Jake",NYI,Defence,0.925,0.925,0.743,0.925,RFA,,
"Lyon, Alex",PHI,Goaltender,0.925,0.000,0.925,RFA,,,
"OGara, Rob",BOS,Defence,0.925,0.000,0.925,RFA,,,
"Fitzpatrick, Evan",STL,Goaltender,0.925,0.925,0.743,0.743,0.868,RFA,
"Husso, Ville",STL,Goaltender,0.925,0.925,0.925,0.925,RFA,,
"Fitzgerald, Ryan",BOS,Center,0.925,0.925,0.743,0.843,RFA,,
"Johansson, Emil",BOS,Defence,0.925,0.925,0.743,0.767,0.843,RFA,
"Carlsson, Gabriel",CLB,Defence,0.925,0.925,0.925,0.925,RFA,,
"Soucy, Carson ",MIN,Defence,0.925,0.925,0.925,0.925,RFA,,
"Snuggerud, Luc",CHI,Defence,0.925,0.925,0.743,0.743,0.818,RFA,
"Lettieri, Vinni",NYR,Center,0.925,0.925,0.925,0.925,RFA,,
"Hajek, Libor",TBL,Defence,0.925,0.925,0.743,0.925,0.925,RFA,
"Louis, Anthony ",CHI,Left,0.925,0.925,0.743,0.807,RFA,,
"Kapla, Michael",NJD,Defence,0.925,0.925,0.925,0.925,RFA,,
"Hronek, Filip",DET,Defence,0.925,0.925,0.743,0.767,RFA,,
"Taylor, Jeff",PIT,Defence,0.925,0.925,0.743,0.743,RFA,,
"Zborovskiy, Sergey",NYR,Defence,0.925,0.925,0.743,0.792,RFA,,
"Renouf, Dan",DET,Defence,0.925,0.000,0.843,RFA,,,
"Abramov, Vitaly",CLB,Left,0.925,0.925,0.743,0.843,RFA,,
"Thompson, Keaton ",ANA,Defence,0.925,0.925,0.767,0.925,RFA,,
"Schoenborn, Alex",SJS,Right,0.925,0.925,0.743,0.743,RFA,,
"Hintz, Roope",DAL,Left,0.925,0.925,0.743,0.767,0.925,RFA,
"Lehkonen, Artturi ",MTL,Left,0.925,0.925,0.925,0.925,RFA,,
"Roy, Kevin",ANA,Center,0.925,0.000,0.925,RFA,,,
"Healey, Josh",CGY,Defence,0.925,0.925,0.792,0.925,RFA,,
"DeBrincat, Alex",CHI,Center,0.925,0.925,0.792,0.892,RFA,,
"Russell, Patrick",EDM,Right,0.925,0.000,0.925,RFA,,,
"Englund, Andreas",OTT,Defence,0.925,0.925,0.792,0.792,RFA,,
"Pilon, Garrett",WAS,Center,0.925,0.925,0.743,0.792,0.792,RFA,
"Smith, Givani",DET,Left,0.925,0.925,0.743,0.767,RFA,,
"Bastian, Nathan",NJD,Right,0.925,0.925,0.743,0.792,RFA,,
"Gignac, Brandon",NJD,Center,0.925,0.925,0.743,0.743,RFA,,
"Forsling, Gustav",CHI,Defence,0.925,0.925,0.925,0.925,RFA,,
"Maguire, Sean",PIT,Goaltender,0.925,0.000,0.743,RFA,,,
"Santini, Steven",NJD,Defence,0.925,0.925,0.925,0.925,RFA,,
"Iacopelli, Matheson",CHI,Right,0.925,0.925,0.743,0.743,RFA,,
"Looke, Jens",ARI,Right,0.925,0.925,0.743,0.743,0.818,RFA,
"Bayreuther, Gavin",DAL,Defence,0.925,0.925,0.925,0.925,RFA,,
"Armia,\u00a0Joel",WPG,Right,0.925,0.000,0.975,RFA,,,
"Laberge, Pascal",PHI,Center,0.925,0.925,0.843,0.868,RFA,,
"Heatherington, Dillon",DAL,Defence,0.925,0.000,0.828,RFA,,,
"Pedrie, Vince",NYR,Defence,0.925,0.925,0.743,0.792,RFA,,
"Kujawinski, Ryan",NJD,Center,0.925,0.000,0.743,RFA,,,
"Johnsson, Andreas",TOR,Left,0.925,0.000,0.843,RFA,,,
"Montour, Brandon",ANA,Defence,0.925,0.000,0.925,RFA,,,
"Blidh, Anton",BOS,Center,0.925,0.000,0.868,RFA,,,
"Hickman, Justin",BOS,Right,0.925,0.000,0.843,RFA,,,
"Gillies, Jon",CGY,Goaltender,0.925,0.000,0.925,RFA,,,
"Hinostroza, Vinnie",CHI,Center,0.925,0.000,0.818,RFA,,,
"Moutrey, Nick",CLB,Center,0.925,0.000,0.743,RFA,,,
"Shore, Devin",DAL,Center,0.925,0.000,0.925,RFA,,,
"Matheson, Michael",FLA,Defence,0.925,0.000,0.925,RFA,,,
"Lintuniemi, Alex",LAK,Defence,0.925,0.000,0.777,RFA,,,
"Bertschy, Christoph",MIN,Center,0.925,0.000,0.892,RFA,,,
"Labbe, Dylan",MIN,Defence,0.925,0.000,0.743,RFA,,,
"Skjei, Brady",NYR,Defence,0.925,0.000,0.925,RFA,,,
"Tambellini, Adam",NYR,Center,0.925,0.000,0.925,RFA,,,
"Howden, Brett",TBL,Center,0.925,0.925,0.925,0.925,RFA,,
"Subban, Jordan",VAN,Defence,0.925,0.000,0.830,RFA,,,
"Barber, Riley",WAS,Right,0.925,0.000,0.743,RFA,,,
"Hill, Adin",ARI,Goaltender,0.925,0.925,0.743,0.767,RFA,,
"Slavin, Jaccob",CAR,Defence,0.925,0.000,0.792,RFA,,,
"Smith, Hunter",CGY,Right,0.925,0.000,0.743,RFA,,,
"Simon, Dominik",PIT,Center,0.925,0.000,0.743,RFA,,,
"Soshnikov, Nikita",TOR,Right,0.925,0.000,0.800,RFA,,,
"Saros, Juuse",NAS,Goaltender,0.925,0.000,0.743,RFA,,,
"Bunting, Michael",ARI,Left,0.925,0.000,0.743,RFA,,,
"Dougherty, Jack",NAS,Defence,0.925,0.000,0.767,RFA,,,
"Sprong, Daniel",PIT,Right,0.925,0.000,0.743,RFA,,,
"Vatrano, Frank",BOS,Center,0.925,0.000,0.843,RFA,,,
"Smith, C.J.",BUF,Left,0.925,0.000,0.925,RFA,,,
"Hults, Mitch",ANA,Center,0.925,0.925,0.743,0.925,RFA,,
"Montembeault, Samuel",FLA,Goaltender,0.925,0.925,0.743,0.767,RFA,,
"Dahlstrom, Carl",CHI,Defence,0.925,0.925,0.743,0.818,RFA,,
"Dahlen, Jonathan",VAN,Center,0.925,0.925,0.925,0.925,0.925,RFA,
"Cehlarik, Peter",BOS,Left,0.925,0.925,0.743,0.792,RFA,,
"Harkins, Jansen",WPG,Center,0.925,0.925,0.743,0.743,0.818,RFA,
"Pribyl, Daniel",CGY,Right,0.925,0.000,0.925,RFA,,,
"Kuraly, Sean",BOS,Center,0.925,0.000,0.925,RFA,,,
"Hawryluk, Jayce",FLA,Center,0.925,0.000,0.925,RFA,,,
"Martin, Jonathon",SJS,Center,0.925,0.925,0.792,0.892,RFA,,
"Lappin, Nick",NJD,Right,0.925,0.000,0.843,RFA,,,
"Poturalski, Andrew",CAR,Center,0.925,0.000,0.925,RFA,,,
"Labanc, Kevin",SJS,Right,0.925,0.925,0.743,0.743,RFA,,
"Amadio, Michael",LAK,Center,0.925,0.925,0.743,0.743,RFA,,
"Perron, Francis",OTT,Left,0.925,0.925,0.730,0.730,RFA,,
"Maletta, Jordan",CLB,Center,0.925,0.925,0.792,0.892,RFA,,
"Blueger, Theodor",PIT,Center,0.925,0.000,0.743,RFA,,,
"Hansson, Niklas",DAL,Defence,0.925,0.925,0.767,0.802,RFA,,
"Cornel, Eric",BUF,Center,0.925,0.925,0.743,0.743,RFA,,
"Brodzinski, Michael ",SJS,Defence,0.925,0.925,0.743,0.925,RFA,,
"Parisi, Tom",MTL,Defence,0.925,0.000,0.767,RFA,,,
"Wood, Kyle",ARI,Defence,0.925,0.925,0.743,0.743,RFA,,
"Seeler, Nick",MIN,Defence,0.925,0.000,0.743,RFA,,,
"Lucia, Mario",MIN,Left,0.925,0.000,0.818,RFA,,,
"Nieves, Cristoval",NYR,Center,0.925,0.000,0.767,RFA,,,
"Carlson, Adam",WAS,Goaltender,0.925,0.000,0.743,RFA,,,
"Schempp, Kyle",NYI,Center,0.925,0.000,0.743,RFA,,,
"Prow, Ethan",PIT,Defence,0.925,0.000,0.767,RFA,,,
"Downing, Michael",FLA,Defence,0.925,0.925,0.792,0.925,RFA,,
"MacEachern, MacKenzie",STL,Left,0.925,0.000,0.925,RFA,,,
"Kossila, Kalle",ANA,Center,0.925,0.000,0.925,RFA,,,
"Norell, Robin",CHI,Defence,0.925,0.925,0.743,0.743,RFA,,
"Walman, Jake",STL,Defence,0.925,0.925,0.925,0.925,0.925,RFA,
"Ellis, Nick",EDM,Goaltender,0.925,0.000,0.925,RFA,,,
"Kovacs, Robin",NYR,Right,0.925,0.925,0.743,0.925,RFA,,
"Kyrou, Jordan",STL,Center,0.925,0.925,0.743,0.925,RFA,,
"Di Pauli, Thomas",PIT,Left,0.925,0.000,0.792,RFA,,,
"Gilmour, John",NYR,Defence,0.925,0.000,0.743,RFA,,,
"Bracco, Jeremy ",TOR,Right,0.925,0.925,0.843,0.843,0.843,RFA,
"Hart, Carter",PHI,Goaltender,0.925,0.925,0.792,0.843,RFA,,
"Girard, Samuel",NAS,Defence,0.925,0.925,0.743,0.743,RFA,,
"White, Colton",NJD,Defence,0.925,0.925,0.743,0.743,RFA,,
"Speers, Blake",NJD,Center,0.925,0.925,0.743,0.743,RFA,,
"Gagne, Gabriel",OTT,Right,0.925,0.925,0.743,0.792,RFA,,
"Knott, Graham ",CHI,Left,0.925,0.925,0.743,0.743,RFA,,
"Allard, Frederic",NAS,Defence,0.925,0.925,0.743,0.743,RFA,,
"Schemitsch, Thomas",FLA,Defence,0.925,0.925,0.743,0.743,RFA,,
"Starrett, Shane",EDM,Goaltender,0.925,0.925,0.792,0.843,RFA,,
"Paigin, Ziyat",EDM,Defence,0.925,0.925,0.792,0.925,RFA,,
"Vande Sompel, Mitchell",NYI,Defence,0.925,0.925,0.743,0.743,RFA,,
"Dyblenko, Yaroslav",NJD,Defence,0.925,0.925,0.843,0.843,RFA,,
"Redmond, Angus",ANA,Goaltender,0.925,0.925,0.792,0.843,0.892,RFA,
"Ehn, Christoffer",DET,Center,0.925,0.925,0.743,0.743,0.792,RFA,
"Katchouk, Boris",TBL,Left,0.925,0.925,0.743,0.925,0.925,RFA,
"Noel, Nathan",CHI,Center,0.925,0.925,0.743,0.767,0.818,RFA,
"Vorobyov, Mikhail",PHI,Center,0.925,0.925,0.743,0.792,0.818,RFA,
"Pettersson, Emil",NAS,Center,0.925,0.925,0.925,0.925,RFA,,
"Grundstrom, Carl",TOR,Left,0.925,0.925,0.925,0.925,0.925,RFA,
"Jerabek, Jakub",MTL,Defence,0.925,0.000,0.925,UFA,,,
"Stenlund, Kevin",CLB,Center,0.925,0.925,0.743,0.925,0.925,RFA,
"Sulak, Libor",DET,Defence,0.925,0.925,0.743,0.925,RFA,,
"Holm, Phillip",VAN,Defence,0.925,0.000,0.925,RFA,,,
"Johansson, Jonas",BUF,Goaltender,0.925,0.925,0.743,0.743,0.792,RFA,
"Nielsen, Andrew",TOR,Defence,0.922,0.922,0.743,0.650,0.700,RFA,
"Niku, Sami",WPG,Defence,0.917,0.917,0.743,0.743,0.840,RFA,
"Danault, Phillip",MTL,Center,0.912,0.000,0.950,RFA,,,
"Bertuzzi, Tyler",DET,Left,0.911,0.000,0.650,RFA,,,
"Sideroff, Deven",ANA,Right,0.911,0.911,0.667,0.743,0.700,RFA,
"Cassels, Cole",VAN,Center,0.905,0.000,0.650,RFA,,,
"Bailey, Justin",BUF,Right,0.902,0.000,0.650,RFA,,,
"Korpisalo, Joonas",CLB,Goaltender,0.900,0.900,0.700,1.100,UFA,,
"Boll, Jared",ANA,Right,0.900,0.000,0.900,UFA,,,
"Nash, Riley",BOS,Center,0.900,0.000,0.900,UFA,,,
"Zatkoff, Jeff",LAK,Goaltender,0.900,0.000,0.900,UFA,,,
"Granlund, Markus",VAN,Center,0.900,0.000,0.950,RFA,,,
"Kempny, Michal",CHI,Defence,0.900,0.000,0.900,UFA,,,
"Vladar, Daniel",BOS,Goaltender,0.894,0.894,0.693,0.743,0.700,RFA,
"McKeown, Roland",CAR,Defence,0.894,0.894,0.767,0.750,RFA,,
"Kolesar, Keegan",CLB,Right,0.894,0.894,0.693,0.715,RFA,,
"Dickinson, Jason",DAL,Center,0.894,0.000,0.833,RFA,,,
"Erne, Adam",TBL,Left,0.894,0.000,0.833,RFA,,,
"Bowey, Madison",WAS,Defence,0.894,0.000,0.750,RFA,,,
"Vannelli, Thomas",STL,Defence,0.894,0.000,0.775,RFA,,,
"Nedeljkovic, Alex",CAR,Goaltender,0.894,0.894,0.843,0.800,RFA,,
"Verhaeghe, Carter",NYI,Center,0.894,0.000,0.750,RFA,,,
"Masin, Dominik",TBL,Defence,0.894,0.894,0.925,0.833,RFA,,
"Martin, Spencer",COL,Goaltender,0.894,0.000,0.750,RFA,,,
"Chase, Gregory",EDM,Center,0.894,0.000,0.710,RFA,,,
"Hagg, Robert",PHI,Defence,0.894,0.000,0.833,RFA,,,
"Steel, Sam",ANA,Center,0.894,0.894,0.925,0.925,0.833,RFA,
"Chlapik, Filip",OTT,Center,0.894,0.894,0.743,0.743,0.700,RFA,
"Desrosiers, Philippe",DAL,Goaltender,0.894,0.000,0.650,RFA,,,
"Valiev, Rinat",TOR,Defence,0.894,0.000,0.750,RFA,,,
"Paul, Nick",OTT,Left,0.894,0.000,0.650,RFA,,,
"Dauphin, Laurent",ARI,Center,0.894,0.000,0.750,RFA,,,
"Elie, Remi",DAL,Left,0.894,0.000,0.700,RFA,,,
"Jarry, Tristan",PIT,Goaltender,0.894,0.000,0.650,RFA,,,
"MacInnis, Ryan",ARI,Center,0.894,0.894,0.843,0.833,RFA,,
"Pettersson, Marcus",ANA,Defence,0.894,0.894,0.825,0.833,RFA,,
"Holmstrom, Axel",DET,Center,0.894,0.894,0.743,0.650,RFA,,
"Siebenaler, Blake",CLB,Defence,0.894,0.894,0.693,0.675,RFA,,
"Kempe, Adrian",LAK,Left,0.894,0.894,0.925,0.833,RFA,,
"Point, Brayden",TBL,Center,0.894,0.894,0.667,0.650,RFA,,
"McDonald, Mason",CGY,Goaltender,0.894,0.894,0.843,0.833,RFA,,
"Cernak, Erik",TBL,Defence,0.894,0.894,0.723,0.685,RFA,,
"Turgeon, Dominic",DET,Center,0.894,0.894,0.667,0.650,RFA,,
"Saarijarvi, Vili",DET,Defence,0.894,0.894,0.667,0.650,RFA,,
"Trenin, Yakov",NAS,Center,0.894,0.894,0.792,0.750,RFA,,
"Kamenev, Vladislav",NAS,Left,0.894,0.894,0.925,0.833,RFA,,
"Quenneville, John",NJD,Center,0.894,0.894,0.843,0.750,RFA,,
"Halverson, Brandon",NYR,Goaltender,0.894,0.894,0.743,0.833,RFA,,
"Opilka, Luke",STL,Goaltender,0.894,0.894,0.667,0.650,RFA,,
"Saarela, Aleksi",CAR,Center,0.894,0.894,0.718,0.767,0.750,RFA,
"Blackwood, Mackenzie ",NJD,Goaltender,0.894,0.894,0.667,0.700,RFA,,
"Gropp, Ryan",NYR,Left,0.894,0.894,0.925,0.833,RFA,,
"Gabrielle, Jesse",BOS,Left,0.894,0.894,0.743,0.743,0.725,RFA,
"Zykov, Valentin",CAR,Left,0.894,0.000,0.685,RFA,,,
"Pollock, Brett",CGY,Center,0.894,0.894,0.743,0.700,RFA,,
"Benson, Tyler",EDM,Left,0.894,0.894,0.792,0.892,0.833,RFA,
"Capobianco, Kyle",ARI,Defence,0.894,0.894,0.743,0.767,0.725,RFA,
"Carlo, Brandon ",BOS,Defence,0.894,0.894,0.818,0.833,RFA,,
"Dunn, Vince",STL,Defence,0.894,0.894,0.743,0.775,RFA,,
"Jones, Max",ANA,Left,0.894,0.894,0.925,0.925,0.833,RFA,
"Comrie, Eric",WPG,Goaltender,0.888,0.000,0.650,RFA,,,
"De Leo, Chase",WPG,Center,0.875,0.000,0.765,RFA,,,
"Nastasiuk, Zach",DET,Right,0.872,0.000,0.650,RFA,,,
"Aube-Kubel, Nicolas",PHI,Right,0.872,0.872,0.650,0.725,RFA,,
"Mete, Victor",MTL,Defence,0.870,0.870,0.743,0.743,0.760,RFA,
"Baptiste, Nicholas",BUF,Right,0.870,0.000,0.750,RFA,,,
"Graves, Ryan",NYR,Defence,0.865,0.000,0.650,RFA,,,
"Poirier, Emile",CGY,Left,0.863,0.000,0.833,RFA,,,
"Kapanen, Kasperi",TOR,Right,0.863,0.863,0.833,0.833,RFA,,
"Hartman, Ryan",CHI,Right,0.863,0.000,0.833,RFA,,,
"Petan, Nic",WPG,Center,0.863,0.000,0.833,RFA,,,
"Theodore, Shea",ANA,Defence,0.863,0.000,0.833,RFA,,,
"Lauzon, Jeremy ",BOS,Defence,0.863,0.863,0.718,0.725,0.775,RFA,
"Brisebois, Guillaume",VAN,Defence,0.863,0.863,0.667,0.650,0.700,RFA,
"Mantha, Anthony",DET,Right,0.863,0.000,0.833,RFA,,,
"Gauthier, Frederik",TOR,Center,0.863,0.000,0.833,RFA,,,
"Klimchuk, Morgan",CGY,Left,0.863,0.000,0.833,RFA,,,
"Kanzig, Keegan",CGY,Defence,0.863,0.000,0.650,RFA,,,
"Bjorkstrand, Oliver",CLB,Right,0.863,0.000,0.700,RFA,,,
"Vanecek, Vitek",WAS,Goaltender,0.863,0.863,0.700,0.750,RFA,,
"Bergman, Julius",SJS,Defence,0.863,0.863,0.700,0.750,RFA,,
"Barbashev, Ivan",STL,Center,0.863,0.863,0.650,0.833,RFA,,
"Fucale, Zachary",MTL,Goaltender,0.863,0.000,0.700,RFA,,,
"Bigras, Chris",COL,Defence,0.863,0.000,0.833,RFA,,,
"Chartier, Rourke",SJS,Center,0.863,0.863,0.650,0.700,RFA,,
"Kylington, Oliver",CGY,Defence,0.863,0.863,0.743,0.700,0.750,RFA,
"Nattinen, Julius",ANA,Center,0.863,0.863,0.693,0.675,0.775,RFA,
"Dermott, Travis",TOR,Defence,0.863,0.863,0.925,0.833,0.833,RFA,
"Guhle, Brendan",BUF,Defence,0.863,0.863,0.667,0.650,0.700,RFA,
"Siegenthaler, Jonas",WAS,Defence,0.863,0.863,0.667,0.650,0.750,RFA,
"Andersson, Rasmus",CGY,Defence,0.863,0.863,0.743,0.750,0.775,RFA,
"Wotherspoon, Parker",NYI,Defence,0.858,0.858,0.735,0.812,RFA,,
"Musil, Adam",STL,Center,0.858,0.858,0.735,0.812,RFA,,
"Reway, Martin ",MTL,Center,0.853,0.853,0.743,0.710,RFA,,
"Hogberg, Marcus",OTT,Goaltender,0.850,0.850,0.835,0.835,RFA,,
"Dahlbeck, Klas",CAR,Defence,0.850,0.000,0.850,RFA,,,
"Platzer, Kyle",EDM,Right,0.850,0.000,0.760,RFA,,,
"Kostalek, Jan",WPG,Defence,0.850,0.000,0.735,RFA,,,
"Lindberg, Tobias",TOR,Right,0.850,0.000,0.735,RFA,,,
"Dano, Marko",WPG,Center,0.850,0.000,0.850,RFA,,,
"Prince, Shane",NYI,Center,0.850,0.000,0.900,RFA,,,
"Spacek, Michael",WPG,Center,0.850,0.850,0.735,0.735,0.785,RFA,
"Carrier, William",BUF,Left,0.848,0.000,0.750,RFA,,,
"Timashov, Dmytro",TOR,Left,0.835,0.835,0.730,0.650,0.700,RFA,
"Higgins, Chris",VAN,Left,0.833,0.000,0.833,,,,
"Van Riemsdyk, Trevor",CHI,Defence,0.825,0.000,0.900,RFA,,,
"Manson, Josh",ANA,Defence,0.825,0.000,0.825,RFA,,,
"Friedman, Mark",PHI,Defence,0.825,0.825,0.733,0.733,0.782,RFA,
"Sedlak, Lukas",CLB,Center,0.825,0.825,0.800,0.850,RFA,,
"Lernout, Brett",MTL,Defence,0.825,0.825,0.650,0.650,RFA,,
"Leedahl, Dawson",NYR,Left,0.825,0.825,0.730,0.733,0.785,RFA,
"Bratt, Jesper",NJD,Left,0.825,0.825,0.733,0.733,0.782,RFA,
"Garland, Conor",ARI,Right,0.822,0.822,0.730,0.650,RFA,,
"Beaudin, J.C. ",COL,Right,0.817,0.817,0.730,0.782,0.782,RFA,
"Paquette, Cedric",TBL,Center,0.812,0.000,0.825,RFA,,,
"Jensen, Nick",DET,Defence,0.812,0.812,0.800,0.825,UFA,,
"Rod, Noah",SJS,Right,0.810,0.810,0.730,0.730,0.830,RFA,
"Hunt, Dryden ",FLA,Left,0.809,0.809,0.818,0.868,RFA,,
"Watson, Spencer",LAK,Right,0.808,0.808,0.730,0.733,RFA,,
"Sherwood, Kole",CLB,Right,0.805,0.805,0.730,0.700,RFA,,
"Jaros, Christian",OTT,Defence,0.802,0.802,0.730,0.730,0.805,RFA,
"Chorney, Taylor",WAS,Defence,0.800,0.000,0.825,UFA,,,
"Malenstyn, Beck",WAS,Center,0.800,0.800,0.730,0.780,0.780,RFA,
"Foegele, Warren",CAR,Left,0.800,0.800,0.730,0.730,0.780,RFA,
"Wideman, Chris",OTT,Defence,0.800,0.000,0.800,UFA,,,
"Luongo, Roberto",VAN,Goaltender,0.800,0.800,0.800,0.800,0.800,0.800,0.800
"Pateryn, Greg",DAL,Defence,0.800,0.000,0.850,UFA,,,
"Chapie, Adam",NYR,Right,0.800,0.000,0.850,RFA,,,
"Martel, Danick",PHI,Left,0.800,0.000,0.730,RFA,,,
"Helewka, Adam",SJS,Left,0.800,0.800,0.730,0.730,RFA,,
"Mangiapane, Andrew",CGY,Left,0.800,0.800,0.730,0.730,RFA,,
"Bouramman, Gustav",MIN,Defence,0.800,0.800,0.730,0.755,RFA,,
"Bunnaman, Connor",PHI,Center,0.800,0.800,0.730,0.730,0.780,RFA,
"Mayo, Dysin",ARI,Defence,0.798,0.798,0.730,0.650,RFA,,
"Roy, Nicolas ",CAR,Center,0.790,0.790,0.655,0.730,0.700,RFA,
"Jones, Caleb",EDM,Defence,0.790,0.790,0.655,0.730,0.700,RFA,
"Lajoie, Maxime",OTT,Defence,0.790,0.790,0.730,0.730,0.700,RFA,
"Murphy, Ryan",CAR,Defence,0.787,0.000,0.825,RFA,,,
"Lodge, Jimmy",WPG,Center,0.780,0.000,0.690,RFA,,,
"Deslauriers, Nicolas",BUF,Left,0.775,0.000,0.775,UFA,,,
"Bear, Ethan",EDM,Defence,0.773,0.773,0.655,0.730,0.700,RFA,
"Harpur, Ben",OTT,Defence,0.773,0.000,0.650,RFA,,,
"Jenys, Pavel",MIN,Center,0.773,0.773,0.680,0.650,RFA,,
"Hobbs, Connor",WAS,Defence,0.772,0.772,0.730,0.650,0.700,RFA,
"Nogier, Nelson ",WPG,Defence,0.772,0.772,0.720,0.770,RFA,,
"Stephens, Devante",BUF,Defence,0.767,0.767,0.730,0.722,0.778,RFA,
"Chatfield, Jalen",VAN,Right,0.765,0.765,0.710,0.765,0.820,RFA,
"Williams, Colby",WAS,Defence,0.761,0.761,0.722,0.780,RFA,,
"Lagesson, William",EDM,Defence,0.758,0.758,0.725,0.725,0.775,RFA,
"Smallman, Spencer",CAR,Right,0.758,0.758,0.725,0.725,0.775,RFA,
"Booth, Callum",CAR,Goaltender,0.758,0.758,0.725,0.725,0.775,RFA,
"Mamin, Maxim",FLA,Left,0.757,0.757,0.733,0.782,RFA,,
"Greer, A.J.",COL,Left,0.750,0.750,0.750,0.750,RFA,,
"Biega, Alex",VAN,Defence,0.750,0.000,0.800,UFA,,,
"Marchessault, Jonathan",FLA,Left,0.750,0.000,0.750,UFA,,,
"Bleackley, Conner",STL,Center,0.750,0.750,0.725,0.725,RFA,,
"Ullmark, Linus",BUF,Goaltender,0.750,0.750,0.750,0.750,UFA,,
"Pedan, Andrey",VAN,Defence,0.750,0.000,0.750,RFA,,,
"Brossoit, Laurent",EDM,Goaltender,0.750,0.000,0.850,RFA,,,
"Svedberg, Viktor",CHI,Defence,0.750,0.000,0.850,UFA,,,
"Barberio, Mark",COL,Defence,0.750,0.000,0.700,UFA,,,
"Betker, Ben",EDM,Defence,0.750,0.000,0.725,RFA,,,
"Wallmark, Lucas",CAR,Center,0.750,0.000,0.725,RFA,,,
"Kero, Tanner",CHI,Left,0.750,0.750,0.700,0.800,RFA,,
"Geertsen, Mason",COL,Defence,0.750,0.000,0.725,RFA,,,
"Cowen, Jared",TOR,Defence,0.750,0.000,0.750,,,,
"Carrick, Connor",TOR,Defence,0.750,0.000,0.850,RFA,,,
"Fogarty, Steven",NYR,Center,0.750,0.000,0.750,RFA,,,
"Fazleev, Radel",PHI,Center,0.748,0.748,0.723,0.650,RFA,,
"Caamano, Nicholas",DAL,Right,0.745,0.745,0.720,0.720,0.795,RFA,
"Nyberg, John",DAL,Defence,0.745,0.745,0.720,0.720,0.795,RFA,
"Thurkauf, Calvin",CLB,Center,0.738,0.738,0.720,0.775,RFA,,
"Blunden, Michael",OTT,Right,0.738,0.000,0.750,UFA,,,
"Fontaine, Gabriel ",NYR,Center,0.737,0.737,0.720,0.720,0.770,RFA,
"Gettinger, Tim",NYR,Right,0.737,0.737,0.720,0.720,0.770,RFA,
"Wiederer, Manuel",SJS,Center,0.737,0.737,0.720,0.720,0.770,RFA,
"Salituro, Dante",CLB,Center,0.733,0.733,0.725,0.825,RFA,,
"Reddekopp, Chaz",LAK,Defence,0.733,0.733,0.710,0.720,0.770,RFA,
"Lorentz, Steven",CAR,Center,0.728,0.728,0.715,0.710,0.760,RFA,
"Waked, Antoine",MTL,Right,0.727,0.727,0.720,0.710,0.750,RFA,
"Johns, Stephen",DAL,Defence,0.725,0.000,0.800,RFA,,,
"Pakarinen, Iiro",EDM,Right,0.725,0.000,0.725,RFA,,,
"Gambardella, Joseph",EDM,Center,0.725,0.725,0.700,0.750,RFA,,
"Carr, Daniel",MTL,Left,0.725,0.000,0.725,RFA,,,
"Dalpe, Zac",CLB,Center,0.725,0.725,0.700,0.750,UFA,,
"Bodnarchuk, Andrew",DAL,Defence,0.725,0.000,0.750,UFA,,,
"Martenet, Chris",DAL,Defence,0.722,0.722,0.720,0.745,RFA,,
"Bourque, Simon",MTL,Defence,0.720,0.720,0.720,0.700,0.740,RFA,
"Addison, Jeremiah",MTL,Left,0.720,0.720,0.720,0.700,0.740,RFA,
"Bishop, Clark",CAR,Center,0.713,0.713,0.720,0.720,RFA,,
"Lomberg, Ryan",CGY,Center,0.710,0.710,0.710,0.710,RFA,,
"Hyka, Tomas",VGK,Right,0.710,0.000,0.710,RFA,,,
"Carroll, Austin",CGY,Left,0.707,0.000,0.720,RFA,,,
"Kase, Ondrej",ANA,Right,0.707,0.000,0.720,RFA,,,
"Imama, Bokondji",LAK,Left,0.707,0.707,0.690,0.690,0.740,RFA,
"McNiven, Michael",MTL,Goaltender,0.703,0.703,0.650,0.650,0.700,RFA,
"Hart, Brian",TBL,Right,0.703,0.000,0.760,RFA,,,
"Fiore, Giovanni",ANA,Center,0.702,0.702,0.685,0.685,0.735,RFA,
"Blais, Samuel ",STL,Left,0.701,0.701,0.647,0.650,RFA,,
"Karabacek, Vaclav",BUF,Right,0.700,0.700,0.722,0.722,RFA,,
"McKenzie, Curtis",DAL,Left,0.700,0.000,0.700,UFA,,,
"Tootoo, Jordin",CHI,Right,0.700,0.000,0.700,UFA,,,
"Janmark, Mattias",DAL,Center,0.700,0.000,0.700,RFA,,,
"Kukan, Dean",CLB,Defence,0.700,0.000,0.700,RFA,,,
"Hannikainen, Markus",CLB,Left,0.700,0.700,0.650,0.750,RFA,,
"Bow, Landon",DAL,Goaltender,0.698,0.698,0.685,0.710,RFA,,
"Wilcox, Reece",PHI,Defence,0.696,0.000,0.718,RFA,,,
"Stevens, John",NYI,Center,0.695,0.695,0.695,0.695,RFA,,
"Wesley, Josh",CAR,Defence,0.695,0.695,0.720,0.720,RFA,,
"Malgin, Denis",FLA,Center,0.693,0.693,0.715,0.715,RFA,,
"Moverare, Jacob",LAK,Defence,0.692,0.692,0.720,0.720,RFA,,
"Thomas, Ben",TBL,Defence,0.690,0.690,0.716,0.715,RFA,,
"Tammela, Jonne",TBL,Right,0.690,0.690,0.716,0.715,RFA,,
"Lang, Chase",MIN,Center,0.687,0.687,0.715,0.710,RFA,,
"Martin, Brycen",BUF,Defence,0.685,0.685,0.710,0.710,RFA,,
"Fortin, Alexandre",CHI,Center,0.685,0.685,0.710,0.710,RFA,,
"Selman, Justin",STL,Center,0.682,0.000,0.715,RFA,,,
"Boikov, Sergei",COL,Defence,0.682,0.682,0.705,0.705,RFA,,
"Nantel, Julien ",COL,Center,0.680,0.680,0.705,0.705,RFA,,
"Vala, Ondrej ",DAL,Defence,0.680,0.680,0.705,0.705,RFA,,
"Pederson, Lane",ARI,Center,0.678,0.678,0.650,0.685,0.700,RFA,
"Sautner, Ashton",VAN,Defence,0.678,0.000,0.720,RFA,,,
"Ully, Cole",DAL,Left,0.677,0.000,0.600,RFA,,,
"Smereck, Jalen",ARI,Defence,0.677,0.677,0.650,0.680,0.700,RFA,
"Schneider, Nick",CGY,Goaltender,0.675,0.675,0.675,0.650,0.700,RFA,
"Megna, Jayson",VAN,Center,0.675,0.000,0.675,UFA,,,
"Carcone, Michael",VAN,Left,0.675,0.675,0.675,0.725,RFA,,
"Harrington, Scott",CLB,Defence,0.675,0.675,0.650,0.700,RFA,,
"Phillips, Jamie",WPG,Goaltender,0.675,0.000,0.713,RFA,,,
"Cracknell, Adam",DAL,Right,0.675,0.000,0.675,UFA,,,
"Martinsen, Andreas",MTL,Left,0.675,0.000,0.675,UFA,,,
"Baddock, Brandon",NJD,Left,0.673,0.673,0.700,0.700,RFA,,
"Richard, Anthony ",NAS,Center,0.672,0.672,0.715,0.650,RFA,,
"Carrier, Alexandre ",NAS,Defence,0.672,0.672,0.715,0.650,RFA,,
"Johnston, Ross",NYI,Left,0.667,0.000,0.710,RFA,,,
"Jackman, Barret",NAS,Defence,0.667,0.000,0.667,,,,
"Lewington, Tyler",WAS,Defence,0.665,0.000,0.719,RFA,,,
"Sissons, Colby",NJD,Defence,0.663,0.663,0.690,0.690,RFA,,
"McGauley, Tim",WAS,Center,0.663,0.000,0.705,RFA,,,
"Gregoire, Jeremy",MTL,Center,0.660,0.000,0.650,RFA,,,
"Brown, Joshua",FLA,Defence,0.658,0.000,0.710,RFA,,,
"Erkamps, Macoy",OTT,Defence,0.655,0.655,0.680,0.680,RFA,,
"Cave, Colby",BOS,Center,0.655,0.000,0.680,RFA,,,
"Stewart, MacKenze",VAN,Defence,0.655,0.000,0.710,RFA,,,
"Kampfer, Steven",NYR,Defence,0.650,0.650,0.650,0.650,UFA,,
"OBrien, Andrew",NAS,Defence,0.650,0.000,0.650,RFA,,,
"Terry, Chris",MTL,Left,0.650,0.000,0.650,UFA,,,
"Carrick, Sam",ANA,Center,0.650,0.650,0.650,0.650,UFA,,
"Bachman, Richard",VAN,Goaltender,0.650,0.000,0.650,UFA,,,
"Rozsival, Michal",CHI,Defence,0.650,0.000,0.650,UFA,,,
"Clifton, Tim",SJS,Center,0.650,0.650,0.650,0.650,UFA,,
"Irwin, Matt",NAS,Defence,0.650,0.000,0.650,UFA,,,
"Tangradi, Eric",DET,Left,0.650,0.000,0.650,UFA,,,
"Carey, Greg",PHI,Center,0.650,0.650,0.650,0.650,UFA,,
"Bernier, Steve",NYI,Right,0.650,0.650,0.650,0.650,UFA,,
"Dowling, Justin",DAL,Center,0.650,0.650,0.650,0.650,UFA,,
"DeMelo, Dylan",SJS,Defence,0.650,0.000,0.700,RFA,,,
"Forbort, Derek",LAK,Defence,0.650,0.000,0.650,RFA,,,
"Grosenick, Troy",SJS,Goaltender,0.650,0.650,0.650,0.650,UFA,,
"Smith, Ben",TOR,Right,0.650,0.000,0.650,UFA,,,
"Falk, Justin",BUF,Defence,0.650,0.000,0.650,UFA,,,
"Miller, Andrew",CAR,Center,0.650,0.000,0.650,UFA,,,
"Claesson, Fredrik",OTT,Defence,0.650,0.000,0.650,RFA,,,
"Loov, Viktor",NJD,Defence,0.650,0.000,0.650,RFA,,,
"Shaw, Logan",ANA,Right,0.650,0.000,0.650,RFA,,,
"Walker, Nathan",WAS,Center,0.650,0.650,0.650,0.650,RFA,,
"Christoffer, Braden",EDM,Left,0.650,0.000,0.700,RFA,,,
"Audette, Daniel",MTL,Center,0.650,0.650,0.640,0.650,RFA,,
"Tokarski, Dustin",ANA,Goaltender,0.650,0.000,0.650,UFA,,,
"Weber, Yannick",NAS,Defence,0.650,0.000,0.650,UFA,,,
"Stalock, Alex",MIN,Goaltender,0.650,0.650,0.650,0.650,UFA,,
"Fritz, Tanner",NYI,Center,0.650,0.000,0.650,RFA,,,
"Nelson, Casey",BUF,Defence,0.650,0.000,0.650,RFA,,,
"Kempe, Mario ",ARI,Left,0.650,0.000,0.650,UFA,,,
"Sergeev, Dmitrii",STL,Defence,0.644,0.644,0.650,0.650,RFA,,
"Eisenschmid, Markus",MTL,Center,0.642,0.000,0.680,RFA,,,
"Darcy, Cameron",TBL,Center,0.642,0.000,0.688,RFA,,,
"Donaghey, Cody",OTT,Defence,0.642,0.642,0.650,0.650,RFA,,
"Sharipzyanov, Damir",LAK,Defence,0.642,0.642,0.675,0.650,RFA,,
"Luff, Matt",LAK,Right,0.642,0.642,0.665,0.665,RFA,,
"Rust, Bryan",PIT,Right,0.640,0.000,0.660,RFA,,,
"Dowd, Nic",LAK,Center,0.640,0.000,0.650,UFA,,,
"Ganly, Tyler",CAR,Defence,0.640,0.000,0.690,RFA,,,
"Murphy, Trevor",NAS,Defence,0.640,0.000,0.690,RFA,,,
"McDonald, Colin",PHI,Right,0.637,0.000,0.650,UFA,,,
"Wagner, Chris",ANA,Right,0.637,0.000,0.650,UFA,,,
"Warner, Hunter",MIN,Defence,0.637,0.637,0.650,0.650,RFA,,
"Dunn, Vincent",OTT,Center,0.636,0.000,0.650,RFA,,,
"Hicketts, Joe",DET,Defence,0.635,0.635,0.650,0.650,RFA,,
"Appleby, Ken ",NJD,Goaltender,0.635,0.000,0.635,RFA,,,
"Burroughs, Kyle",NYI,Defence,0.630,0.000,0.680,RFA,,,
"Mermis, Dakota",ARI,Defence,0.627,0.000,0.670,RFA,,,
"Wilson, Scott",PIT,Center,0.625,0.000,0.660,RFA,,,
"Graovac, Tyler",MIN,Center,0.625,0.000,0.650,RFA,,,
"Melchiori, Julian",WPG,Defence,0.625,0.000,0.650,RFA,,,
"Sproul, Ryan",DET,Defence,0.625,0.000,0.650,RFA,,,
"Sissons, Colton",NAS,Right,0.625,0.625,0.650,0.650,RFA,,
"Kuhnhackl, Tom",PIT,Right,0.625,0.000,0.660,RFA,,,
"Brennan, T.J.",PHI,Defence,0.625,0.000,0.650,UFA,,,
"Mayfield, Scott",NYI,Defence,0.625,0.000,0.675,RFA,,,
"Dell, Aaron",SJS,Goaltender,0.625,0.000,0.675,UFA,,,
"Baun, Kyle",CHI,Right,0.625,0.000,0.650,RFA,,,
"Tropp, Corey",ANA,Right,0.625,0.000,0.650,UFA,,,
"Petryk, Reid",COL,Center,0.623,0.000,0.650,RFA,,,
"Moy, Tyler",NAS,Center,0.617,0.617,0.743,0.843,RFA,,
"Salomaki, Miikka",NAS,Right,0.613,0.000,0.650,RFA,,,
"Redmond, Zach",MTL,Defence,0.613,0.000,0.650,UFA,,,
"Bartkowski, Matt",CGY,Defence,0.613,0.000,0.650,UFA,,,
"Glass, Jeff",CHI,Goaltender,0.613,0.000,0.650,UFA,,,
"Vogelhuber, Trent",COL,Right,0.613,0.000,0.650,UFA,,,
"Bitetto, Anthony",NAS,Defence,0.613,0.000,0.650,UFA,,,
"Leivo, Josh",TOR,Left,0.613,0.000,0.650,RFA,,,
"Sill, Zach",WAS,Center,0.613,0.000,0.650,UFA,,,
"Granberg, Petter",NAS,Defence,0.613,0.000,0.650,RFA,,,
"Campbell, Jack",LAK,Goaltender,0.613,0.000,0.650,RFA,,,
"ONeill, Will",PHI,Defence,0.613,0.000,0.650,UFA,,,
"Bass, Cody",NAS,Center,0.613,0.000,0.650,UFA,,,
"Ness, Aaron",WAS,Defence,0.613,0.000,0.650,UFA,,,
"Coreau, Jared",DET,Goaltender,0.613,0.000,0.650,RFA,,,
"Nosek, Tomas",DET,Left,0.613,0.000,0.650,RFA,,,
"Quine, Alan",NYI,Center,0.613,0.000,0.650,RFA,,,
"McCollum, Tom",CGY,Goaltender,0.613,0.000,0.650,UFA,,,
"Hamilton, Freddie",CGY,Center,0.613,0.000,0.650,RFA,,,
"Lorito, Matt",DET,Left,0.613,0.000,0.650,UFA,,,
"Smith, Trevor",NAS,Center,0.613,0.000,0.650,UFA,,,
"Rowney, Carter",PIT,Right,0.613,0.000,0.650,UFA,,,
"Kasdorf, Jason",BUF,Goaltender,0.613,0.000,0.650,RFA,,,
"Ramage, John",CLB,Defence,0.613,0.000,0.650,UFA,,,
"DiDomenico, Chris",OTT,Center,0.613,0.000,0.650,UFA,,,
"Tolchinsky, Sergey",CAR,Left,0.608,0.000,0.650,RFA,,,
"Cannata, Joe",COL,Goaltender,0.575,0.000,UFA,,,,
"Boll, Jared",CLB,Right,0.567,0.000,0.567,,,,
"Maroon, Patrick",ANA,Left,0.500,0.000,0.500,,,,
"Fistric, Mark",ANA,Defence,0.450,0.450,0.450,0.450,,,
"Hodgson, Cody",BUF,Center,0.417,0.417,0.417,-0.458,0.792,0.792,0.792
"Kovalchuk, Ilya",NJD,Left,0.250,0.250,0.250,0.250,0.250,0.250,0.250
"Chelios, Jake",CAR,Defence,0.000,0.000,RFA,,,,
"Condon, Mike",OTT,Goaltender,0.000,0.000,UFA,,,,
"Garteig, Michael",VAN,Goaltender,0.000,0.000,RFA,,,,
"Rendulic, Borna",VAN,Center,0.000,0.000,UFAIV,,,,
"Goodrow, Barclay",SJS,Center,0.000,0.000,RFA,,,,
"Lindbohm, Petteri",STL,Defence,0.000,0.000,RFA,,,,
"Oesterle, Jordan",EDM,Defence,0.000,0.000,UFAIV,,,,
"Driedger, Chris",OTT,Goaltender,0.000,0.000,RFA,,,,
"Straka, Petr",NJD,Right,0.000,0.000,UFAIV,,,,
"Forsberg, Anton",CLB,Goaltender,0.000,0.000,RFA,,,,
"Mazanec, Marek",NAS,Goaltender,0.000,0.000,RFA,,,,
"Witkowski, Luke",TBL,Defence,0.000,0.000,UFA,,,,
"Schroeder, Jordan",MIN,Center,0.000,0.000,RFA,,,,
"Mersch, Michael",LAK,Left,0.000,0.000,RFA,,,,
"Ferland, Micheal",CGY,Left,0.000,0.000,RFA,,,,
"Pitlick, Tyler",EDM,Right,0.000,0.000,UFA,,,,
"Chiarot, Ben",WPG,Defence,0.000,0.000,RFA,,,,
"Laughton, Scott",PHI,Center,0.000,0.000,RFA,,,,
"Percy, Stuart",PIT,Defence,0.000,0.000,RFA,,,,
"Pronger, Chris",ARI,Defence,0.000,0.000,UFA,,,,
"Stevenson, Dustin",DAL,Defence,0.000,0.000,UFA,,,,
"Pageau, Jean-Gabriel",OTT,Center,0.000,0.000,RFA,,,,
"Schultz, Jeff",ANA,Defence,0.000,0.000,UFA,,,,
"Datsyuk, Pavel",ARI,Center,0.000,0.000,UFA,,,,
"Oshie, T.J.",WAS,Center,0.000,0.000,UFA,,,,
"Volchenkov, Anton",NJD,Defence,0.000,0.000,,,,,
"Neil, Chris",OTT,Right,0.000,0.000,UFA,,,,
"Ikonen, Henri",TBL,Left,0.000,0.000,RFA,,,,
"Markov, Andrei",MTL,Defence,0.000,0.000,UFA,,,,
"Grabovski, Mikhail",TOR,Center,0.000,0.000,,,,,
"Ranford, Brendan",COL,Left,0.000,0.000,UFAIV,,,,
"Peters, Justin",DAL,Goaltender,0.000,0.000,UFA,,,,
"Savard, Marc",NJD,Center,0.000,0.000,UFA,,,,
"Thornton, Shawn",FLA,Right,0.000,0.000,UFA,,,,
"Ference, Andrew",EDM,Defence,0.000,0.000,UFA,,,,
"Rasmussen, Dennis",CHI,Center,0.000,0.000,RFA,,,,
"Stanton, Ryan",CLB,Defence,0.000,0.000,UFA,,,,
"Radulov, Alexander",MTL,Right,0.000,0.000,UFA,,,,
"Drouin, Jonathan",TBL,Left,0.000,0.000,RFA,,,,
"Doan, Shane",ARI,Right,0.000,0.000,UFA,,,,
"Vrbata, Radim",ARI,Right,0.000,0.000,UFA,,,,
"Thornton, Joe",SJS,Center,0.000,0.000,UFA,,,,
"Marleau, Patrick",SJS,Center,0.000,0.000,UFA,,,,
"Russo, Robbie",DET,Defence,0.000,0.000,RFA,,,,
"Ferraro, Landon",STL,Center,0.000,0.000,RFA,,,,
"Ehrhoff, Christian",BUF,Defence,0.000,0.000,,,,,
"Sutter, Brody",FLA,Center,0.000,0.000,UFAIV,,,,
"Sharp, Patrick",DAL,Left,0.000,0.000,UFA,,,,
"Stone, Michael",CGY,Defence,0.000,0.000,UFA,,,,
"Boulton, Eric",NYI,Left,0.000,0.000,UFA,,,,
"Burakovsky, Andre",WAS,Left,0.000,0.000,RFA,,,,
"Mitchell, Zack",MIN,Right,0.000,0.000,RFA,,,,
"Corbett, Cody",WAS,Defence,0.000,0.000,RFA,,,,
"Tynan, T.J.",CLB,Center,0.000,0.000,UFAIV,,,,
"Kea, Justin",BUF,Center,0.000,0.000,RFA,,,,
"Lundberg, Martin",CHI,Center,0.000,0.000,UFA,,,,
"Gionta, Brian",BUF,Right,0.000,0.000,UFA,,,,
"Heed, Tim",SJS,Defence,0.000,0.000,UFAIV,,,,
"Nemeth, Patrik",DAL,Defence,0.000,0.000,RFA,,,,
"Ouellet, Xavier",DET,Defence,0.000,0.000,RFA,,,,
"Thorburn, Chris",WPG,Center,0.000,0.000,UFA,,,,
"McBain, Jamie",ARI,Defence,0.000,0.000,UFA,,,,
"Alzner, Karl",WAS,Defence,0.000,0.000,UFA,,,,
"Ribeiro, Mike",NAS,Center,0.000,0.000,UFA,,,,
"Lecavalier, Vincent",TBL,Center,0.000,0.000,,,,,
"Gordon, Boyd",PHI,Right,0.000,0.000,UFA,,,,
"Bryzgalov, Ilya",PHI,Goaltender,0.000,0.000,,,,,
"Oleksiak, Jamie",DAL,Defence,0.000,0.000,RFA,,,,
"Campbell, Brian",CHI,Defence,0.000,0.000,UFA,,,,
"Richards, Brad",NYR,Center,0.000,0.000,,,,,
"Paliotta, Michael",NYR,Defence,0.000,0.000,RFA,,,,
"Dupuis, Pascal",PIT,Left,0.000,0.000,UFA,,,,
"Conacher, Cory",TBL,Center,0.000,0.000,UFA,,,,
"Moore, Dominic",BOS,Center,0.000,0.000,UFA,,,,
"Severson, Damon",NJD,Defence,0.000,0.000,RFA,,,,
"Brittain, Sam",FLA,Goaltender,0.000,0.000,UFAIV,,,,
"Miller, Drew",DET,Left,0.000,0.000,UFA,,,,
"Kulikov, Dmitry",BUF,Defence,0.000,0.000,UFA,,,,
"Butler, Chris",STL,Defence,0.000,0.000,UFA,,,,
"Kunitz, Chris",PIT,Left,0.000,0.000,UFA,,,,
"Jones, Connor",NYI,Center,0.000,0.000,UFA,,,,
"Pysyk, Mark",FLA,Defence,0.000,0.000,RFA,,,,
"Labrie, Pierre-Cedric",CHI,Left,0.000,0.000,UFA,,,,
"Stolarz, Anthony",PHI,Goaltender,0.000,0.000,RFA,,,,
"Williams, Justin",WAS,Right,0.000,0.000,UFA,,,,
"Farnham, Bobby",MTL,Center,0.000,0.000,UFA,,,,
"Gustavsson, Jonas",EDM,Goaltender,0.000,0.000,UFA,,,,
"Thompson, Nate",ANA,Center,0.000,0.000,UFA,,,,
"Leino, Ville",BUF,Left,0.000,0.000,,,,,
"Cullen, Matt",PIT,Center,0.000,0.000,UFA,,,,
"Lyubimov, Roman",PHI,Left,0.000,0.000,RFA,,,,
"Kulak, Brett",CGY,Defence,0.000,0.000,RFA,,,,
"Paajarvi, Magnus",STL,Left,0.000,0.000,RFA,,,,
"Johansson, Lars",CHI,Goaltender,0.000,0.000,UFA,,,,
"Auvitu, Yohann",NJD,Defence,0.000,0.000,UFA,,,,
"Gabriel, Kurtis",MIN,Right,0.000,0.000,RFA,,,,
"Gortz, Max",ANA,Right,0.000,0.000,RFA,,,,
"Chiasson, Alex",CGY,Right,0.000,0.000,RFA,,,,
"Daley, Trevor",PIT,Defence,0.000,0.000,UFA,,,,
"Brassart, Brady",MIN,Center,0.000,0.000,RFA,,,,
"Engelland, Deryk",CGY,Defence,0.000,0.000,UFA,,,,
"Niederreiter, Nino",MIN,Right,0.000,0.000,RFA,,,,
"Bernier, Jonathan",ANA,Goaltender,0.000,0.000,UFA,,,,
"Horvat, Bo",VAN,Center,0.000,0.000,RFA,,,,
"Josefson, Jacob",NJD,Center,0.000,0.000,RFA,,,,
"Bonino, Nick",PIT,Center,0.000,0.000,UFA,,,,
"Megan, Wade",STL,Center,0.000,0.000,RFA,,,,
"Hunwick, Matt",TOR,Defence,0.000,0.000,UFA,,,,
"Mueller, Chris",ARI,Center,0.000,0.000,UFA,,,,
"Gourde, Yanni",TBL,Center,0.000,0.000,UFAIV,,,,
"Fournier, Dillon",CHI,Defence,0.000,0.000,RFA,,,,
"Pelech, Adam",NYI,Defence,0.000,0.000,RFA,,,,
"Wennberg, Alexander",CLB,Center,0.000,0.000,RFA,,,,
"Dansk, Oscar",CLB,Goaltender,0.000,0.000,RFA,,,,
"Beaulieu, Nathan",MTL,Defence,0.000,0.000,RFA,,,,
"Tatar, Tomas",DET,Center,0.000,0.000,RFA,,,,
"Pouliot, Derrick",PIT,Defence,0.000,0.000,RFA,,,,
"Morin, Travis",DAL,Center,0.000,0.000,UFA,,,,
"De La Rose, Jacob",MTL,Left,0.000,0.000,RFA,,,,
"Skille, Jack",VAN,Right,0.000,0.000,UFA,,,,
"Fisher, Mike",NAS,Center,0.000,0.000,UFA,,,,
"Vitale, Joe",DET,Center,0.000,0.000,UFA,,,,
"Haley, Micheal",SJS,Center,0.000,0.000,UFA,,,,
"Gunnarsson, Jonas",NAS,Goaltender,0.000,0.000,RFA,,,,
"Gaunce, Cameron",PIT,Defence,0.000,0.000,UFA,,,,
"Postma, Paul",WPG,Defence,0.000,0.000,UFA,,,,
"Kelly, Chris",OTT,Center,0.000,0.000,UFA,,,,
"Elliott, Brian",CGY,Goaltender,0.000,0.000,UFA,,,,
"McClement, Jay",CAR,Center,0.000,0.000,UFA,,,,
"Spooner, Ryan",BOS,Center,0.000,0.000,RFA,,,,
"Strait, Brian",WPG,Defence,0.000,0.000,UFA,,,,
"Prosser, Nate",MIN,Defence,0.000,0.000,UFA,,,,
"Wideman, Dennis",CGY,Defence,0.000,0.000,UFA,,,,
"Upshall, Scottie",STL,Right,0.000,0.000,UFA,,,,
"DiPietro, Rick",NYI,Goaltender,0.000,0.000,,,,,
"Wiercioch, Patrick",COL,Defence,0.000,0.000,UFA,,,,
"Martinook, Jordan",ARI,Left,0.000,0.000,RFA,,,,
"Gudbranson, Erik",VAN,Defence,0.000,0.000,RFA,,,,
"Hendricks, Matt",EDM,Center,0.000,0.000,UFA,,,,
"Lashoff, Brian",DET,Defence,0.000,0.000,RFA,,,,
"Zibanejad, Mika",NYR,Center,0.000,0.000,RFA,,,,
"Rinaldo, Zac",BOS,Center,0.000,0.000,UFA,,,,
"Guenin, Nate",ANA,Defence,0.000,0.000,UFA,,,,
"Carpenter, Ryan",SJS,Center,0.000,0.000,UFAIV,,,,
"Kinkaid, Keith",NJD,Goaltender,0.000,0.000,UFA,,,,
"Pasquale, Edward",DET,Goaltender,0.000,0.000,UFAIV,,,,
"Miele, Andy",PHI,Center,0.000,0.000,UFA,,,,
"Subban, Malcolm",BOS,Goaltender,0.000,0.000,RFA,,,,
"Kuemper, Darcy",MIN,Goaltender,0.000,0.000,UFA,,,,
"Reinhart, Griffin",EDM,Defence,0.000,0.000,RFA,,,,
"Orlov, Dmitry",WAS,Defence,0.000,0.000,RFA,,,,
"Trotman, Zach",LAK,Defence,0.000,0.000,UFAIV,,,,
"Zadorov, Nikita",COL,Defence,0.000,0.000,RFA,,,,
"Mitchell, John (b. 1985)",COL,Center,0.000,0.000,UFA,,,,
"Kiviaho, Henri",DAL,Goaltender,0.000,0.000,RFA,,,,
"Malone, Brad",STL,Center,0.000,0.000,UFA,,,,
"de Haan, Calvin",NYI,Defence,0.000,0.000,RFA,,,,
"Foligno, Marcus",BUF,Left,0.000,0.000,RFA,,,,
"Bourque, Gabriel",COL,Left,0.000,0.000,RFA,,,,
"Smith, Jeremy",COL,Goaltender,0.000,0.000,UFA,,,,
"Olofsson, Gustav",MIN,Defence,0.000,0.000,RFA,,,,
"Pochiro, Zachary",EDM,Left,0.000,0.000,RFA,,,,
"Hunt, Brad",NAS,Defence,0.000,0.000,UFA,,,,
"Sgarbossa, Michael",FLA,Center,0.000,0.000,UFA,,,,
"Dumont, Gabriel",TBL,Center,0.000,0.000,RFA,,,,
"Granlund, Mikael",MIN,Center,0.000,0.000,RFA,,,,
"Vecchione, Mike",PHI,Center,0.000,0.000,RFA,,,,
"Draisaitl, Leon",EDM,Center,0.000,0.000,RFA,,,,
"Street, Ben",DET,Center,0.000,0.000,UFA,,,,
"Chaput, Michael",VAN,Center,0.000,0.000,RFA,,,,
"Petrovic, Alex",FLA,Defence,0.000,0.000,RFA,,,,
"Carter, Ryan",MIN,Center,0.000,0.000,UFA,,,,
"Wilson, Garrett",PIT,Left,0.000,0.000,UFAIV,,,,
"Andreoff, Andy",LAK,Left,0.000,0.000,RFA,,,,
"Berube, Jean-Francois",NYI,Goaltender,0.000,0.000,RFA,,,,
"Girgensons, Zemgus",BUF,Center,0.000,0.000,RFA,,,,
"Latta, Michael",CHI,Center,0.000,0.000,UFA,,,,
"Sislo, Mike",COL,Right,0.000,0.000,UFA,,,,
"Fast, Jesper",NYR,Right,0.000,0.000,RFA,,,,
"Nestrasil, Andrej",CAR,Center,0.000,0.000,RFA,,,,
"Lindberg, Oscar",NYR,Center,0.000,0.000,RFA,,,,
"Di Giuseppe, Phillip",CAR,Left,0.000,0.000,RFA,,,,
"Culkin, Ryan",CGY,Defence,0.000,0.000,RFA,,,,
"Gormley, Brandon",OTT,Defence,0.000,0.000,RFA,,,,
"Bennett, Beau",NJD,Right,0.000,0.000,RFA,,,,
"Dumoulin, Brian",PIT,Defence,0.000,0.000,RFA,,,,
"Samuelsson, Philip",CAR,Defence,0.000,0.000,UFAIV,,,,
"McElhinney, Curtis",TOR,Goaltender,0.000,0.000,UFA,,,,
"Tennyson, Matt",CAR,Defence,0.000,0.000,UFA,,,,
"Binnington, Jordan",STL,Goaltender,0.000,0.000,RFA,,,,
"Rattie, Ty",STL,Right,0.000,0.000,RFA,,,,
"Johnson, Tyler",TBL,Center,0.000,0.000,RFA,,,,
"Palat, Ondrej",TBL,Left,0.000,0.000,RFA,,,,
"Peluso, Anthony",WPG,Right,0.000,0.000,UFA,,,,
"Grubauer, Philipp",WAS,Goaltender,0.000,0.000,RFA,,,,
"Schilling, Cameron",LAK,Defence,0.000,0.000,UFA,,,,
"Grigorenko, Mikhail",COL,Center,0.000,0.000,RFA,,,,
"Gryba, Eric",EDM,Defence,0.000,0.000,UFA,,,,
"Gazdic, Luke",NJD,Left,0.000,0.000,UFA,,,,
"Yakupov, Nail",STL,Right,0.000,0.000,RFA,,,,
"Galchenyuk, Alex",MTL,Center,0.000,0.000,RFA,,,,
"Sustr, Andrej",TBL,Defence,0.000,0.000,RFA,,,,
"Morrow, Joe",BOS,Defence,0.000,0.000,RFA,,,,
"Wotherspoon, Tyler",CGY,Defence,0.000,0.000,RFA,,,,
"Zolnierczyk, Harry",NAS,Left,0.000,0.000,UFA,,,,
"Brown, Patrick",CAR,Center,0.000,0.000,UFAIV,,,,
"Mason, Steve",PHI,Goaltender,0.000,0.000,UFA,,,,
"Hackett, Matt",ANA,Goaltender,0.000,0.000,UFA,,,,
"Larsson, Johan",BUF,Left,0.000,0.000,RFA,,,,
"Schaller, Tim",BOS,Center,0.000,0.000,RFA,,,,
"Tierney, Chris",SJS,Center,0.000,0.000,RFA,,,,
"Schmidt, Nate",WAS,Defence,0.000,0.000,RFA,,,,
"MacWilliam, Andrew",NJD,Defence,0.000,0.000,UFA,,,,
"Griffith, Seth",TOR,Center,0.000,0.000,RFA,,,,
"Haula, Erik",MIN,Left,0.000,0.000,RFA,,,,
"Shore, Nick",LAK,Center,0.000,0.000,RFA,,,,
"Woods, Brendan",CAR,Left,0.000,0.000,UFAIV,,,,
"Gibson, Christopher",NYI,Goaltender,0.000,0.000,RFA,,,,
"Gudlevskis, Kristers",TBL,Goaltender,0.000,0.000,RFA,,,,
"Teravainen, Teuvo",CAR,Center,0.000,0.000,RFA,,,,
"Smid, Ladislav",CGY,Defence,0.000,0.000,UFA,,,,
"Helgeson, Seth",NJD,Defence,0.000,0.000,UFAIV,,,,
"Mashinter, Brandon",CHI,Center,0.000,0.000,UFA,,,,
"VandeVelde, Chris",PHI,Center,0.000,0.000,UFA,,,,
"Laleggia, Joey",EDM,Defence,0.000,0.000,RFA,,,,
"Whitney, Joe",ARI,Right,0.000,0.000,UFA,,,,
"Stephenson, Chandler",WAS,Center,0.000,0.000,RFA,,,,
"Kostka, Michael",CGY,Defence,0.000,0.000,UFA,,,,
"Ferlin, Brian",BOS,Right,0.000,0.000,UFAIV,,,,
"Miller, Ryan",VAN,Goaltender,0.000,0.000,UFA,,,,
"Robidas, Stephane",TOR,Defence,0.000,0.000,UFA,,,,
"Schultz, Nick",PHI,Defence,0.000,0.000,UFA,,,,
"Hemsky, Ales",DAL,Right,0.000,0.000,UFA,,,,
"McCormick, Cody",BUF,Center,0.000,0.000,UFA,,,,
"Kuznetsov, Evgeny",WAS,Center,0.000,0.000,RFA,,,,
"Folin, Christian",MIN,Defence,0.000,0.000,RFA,,,,
"Bibeau, Antoine",TOR,Goaltender,0.000,0.000,RFA,,,,
"Mueller, Mirco",SJS,Defence,0.000,0.000,RFA,,,,
"Faragher, Ryan",ANA,Goaltender,0.000,0.000,RFA,,,,
"Pastrnak, David",BOS,Right,0.000,0.000,RFA,,,,
"Del Zotto, Michael",PHI,Defence,0.000,0.000,UFA,,,,
"Agozzino, Andrew",STL,Left,0.000,0.000,UFA,,,,
"OBrien, Liam",WAS,Center,0.000,0.000,RFA,,,,
"Fraser, Mark",EDM,Defence,0.000,0.000,UFA,,,,
"Kerdiles, Nicolas",ANA,Left,0.000,0.000,RFA,,,,
"Blujus, Dylan",TBL,Defence,0.000,0.000,RFA,,,,
"Bickell, Bryan",CAR,Left,0.000,0.000,UFA,,,,
"Enroth, Jhonas",ANA,Goaltender,0.000,0.000,UFA,,,,
"Franson, Cody",BUF,Defence,0.000,0.000,UFA,,,,
"Jagr, Jaromir",FLA,Right,0.000,0.000,UFA,,,,
"Boyle, Brian",TOR,Center,0.000,0.000,UFA,,,,
"Pyatt, Tom",OTT,Center,0.000,0.000,UFA,,,,
"Djoos, Christian",WAS,Defence,0.000,0.000,RFA,,,,
"Erixon, Tim",PIT,Defence,0.000,0.000,RFA,,,,
"Rittich, David",CGY,Goaltender,0.000,0.000,RFA,,,,
"Connolly, Brett",WAS,Right,0.000,0.000,RFA,,,,
"Bollig, Brandon",CGY,Left,0.000,0.000,UFA,,,,
"Flynn, Brian",MTL,Center,0.000,0.000,UFA,,,,
"Cunningham, Craig",ARI,Right,0.000,0.000,UFAIV,,,,
"McGinn, Tye",TBL,Left,0.000,0.000,RFA,,,,
"Desjardins, Andrew",CHI,Center,0.000,0.000,UFA,,,,
"Johnson, Chad",CGY,Goaltender,0.000,0.000,UFA,,,,
"Caron, Jordan",STL,Right,0.000,0.000,RFA,,,,
"Holzer, Korbinian",ANA,Defence,0.000,0.000,UFA,,,,
"Hache, Justin",DAL,Defence,0.000,0.000,RFA,,,,
"Backman, Mattias",DAL,Defence,0.000,0.000,RFA,,,,
"Richard, Tanner",TBL,Center,0.000,0.000,RFA,,,,
"Hudon, Charles",MTL,Left,0.000,0.000,RFA,,,,
"Bozon, Tim",FLA,Left,0.000,0.000,RFA,,,,
"Hainsey, Ron",PIT,Defence,0.000,0.000,UFA,,,,
"Alt, Mark",PHI,Defence,0.000,0.000,UFAIV,,,,
"Broadhurst, Alex",CLB,Center,0.000,0.000,RFA,,,,
"Elson, Turner",COL,Left,0.000,0.000,RFA,,,,
"Friesen, Alex",STL,Center,0.000,0.000,UFAIV,,,,
"Shattenkirk, Kevin",WAS,Defence,0.000,0.000,UFA,,,,
"Weegar, MacKenzie",FLA,Defence,0.000,0.000,RFA,,,,
"Cross, Tommy",BOS,Defence,0.000,0.000,UFA,,,,
"Randell, Tyler",BOS,Right,0.000,0.000,UFAIV,,,,
"Catenacci,\u00a0Daniel",NYR,Center,0.000,0.000,RFA,,,,
"Stortini, Zack",SJS,Right,0.000,0.000,UFA,,,,
"Howden, Quinton",WPG,Center,0.000,0.000,RFA,,,,
"Grenier, Alexandre",VAN,Right,0.000,0.000,UFAIV,,,,
"Leighton, Michael",CAR,Goaltender,0.000,0.000,UFA,,,,
"Graham, Jesse",NYI,Defence,0.000,0.000,RFA,,,,
"Thrower, Dalton",MTL,Defence,0.000,0.000,RFA,,,,
"Kichton, Brenden",WPG,Defence,0.000,0.000,UFAIV,,,,
"Musil, David",EDM,Defence,0.000,0.000,RFA,,,,
"Burmistrov, Alex",ARI,Center,0.000,0.000,RFA,,,,
"Crisp, Connor",MTL,Left,0.000,0.000,RFA,,,,
"Leduc, Loic",NYI,Defence,0.000,0.000,RFA,,,,
"Thomas, Christian",WAS,Right,0.000,0.000,UFAIV,,,,
"Thomson, Ben",NJD,Left,0.000,0.000,RFA,,,,
"Black, Graham",FLA,Center,0.000,0.000,RFA,,,,
"Grant, Derek",BUF,Center,0.000,0.000,UFA,,,,
"McCormick, Max",OTT,Left,0.000,0.000,UFAIV,,,,
"Billins, Chad",VAN,Defence,0.000,0.000,UFA,,,,
"Pokka, Ville",CHI,Defence,0.000,0.000,RFA,,,,
"Lindell, Esa",DAL,Defence,0.000,0.000,RFA,,,,
"Ellis, Morgan",STL,Defence,0.000,0.000,UFAIV,,,,
"Tyutin, Fedor",COL,Defence,0.000,0.000,UFA,,,,
"Dotchin, Jake",TBL,Defence,0.000,0.000,RFA,,,,
"Scarlett, Reece",FLA,Defence,0.000,0.000,RFA,,,,
"Brickley, Connor",CAR,Center,0.000,0.000,UFAIV,,,,
"Boucher, Reid",VAN,Center,0.000,0.000,RFA,,,,
"Porter, Kevin",PIT,Center,0.000,0.000,UFA,,,,
"Helgesen, Kenton",CHI,Defence,0.000,0.000,RFA,,,,
"Vainonen, Mikko",NAS,Defence,0.000,0.000,RFA,,,,
"Langhamer, Marek",ARI,Goaltender,0.000,0.000,RFA,,,,
"Sorensen, Nick",ANA,Right,0.000,0.000,RFA,,,,
"Austin, Brady",BUF,Defence,0.000,0.000,RFA,,,,
"Hodges, Steven",FLA,Center,0.000,0.000,RFA,,,,
"Conner, Chris",PHI,Center,0.000,0.000,UFA,,,,
"Olsen, Ryan",WPG,Center,0.000,0.000,RFA,,,,
"OReilly, Cal",BUF,Center,0.000,0.000,UFA,,,,
"Gelinas, Guillaume",MIN,Defence,0.000,0.000,RFA,,,,
"McEneny, Evan",VAN,Defence,0.000,0.000,RFA,,,,
"MacDermid, Kurtis",LAK,Defence,0.000,0.000,RFA,,,,
"Bourke, Troy",COL,Left,0.000,0.000,RFA,,,,
"LaDue, Paul",LAK,Defence,0.000,0.000,RFA,,,,
"Bourque, Chris",WAS,Center,0.000,0.000,UFA,,,,
"Hellebuyck, Connor",WPG,Goaltender,0.000,0.000,RFA,,,,
"Holmstrom, Ben",NYI,Center,0.000,0.000,UFA,,,,
"Payerl, Adam",NAS,Center,0.000,0.000,UFAIV,,,,
"Crescenzi, Andrew",LAK,Center,0.000,0.000,RFA,,,,
"Bennett, Sam",CGY,Center,0.000,0.000,RFA,,,,
"Siemens, Duncan",COL,Defence,0.000,0.000,RFA,,,,
"Callahan, Mitch",DET,Right,0.000,0.000,UFAIV,,,,
"Fedun, Taylor",BUF,Defence,0.000,0.000,UFA,,,,
"Smith, Gemel",DAL,Center,0.000,0.000,RFA,,,,
"Simpson, Dillon",EDM,Defence,0.000,0.000,RFA,,,,
"Gallant, Brett",CLB,Left,0.000,0.000,UFA,,,,
"Arnesson, Linus",BOS,Defence,0.000,0.000,RFA,,,,
"Ebert, Nick",DAL,Defence,0.000,0.000,RFA,,,,
"McNeill, Mark",DAL,Center,0.000,0.000,RFA,,,,
"Kelly, Dan",SJS,Defence,0.000,0.000,UFA,,,,
"Troock, Branden",ARI,Right,0.000,0.000,RFA,,,,
"Gaunce, Brendan",VAN,Center,0.000,0.000,RFA,,,,
"Camper, Carter",NJD,Center,0.000,0.000,UFA,,,,
"Zaar, Daniel",CLB,Right,0.000,0.000,RFA,,,,
"Wikstrand, Mikael",OTT,Defence,0.000,0.000,RFA,,,,
"Cannone, Patrick",MIN,Center,0.000,0.000,UFA,,,,
"Stransky, Matej",DAL,Right,0.000,0.000,RFA,,,,
"Faksa, Radek",DAL,Center,0.000,0.000,RFA,,,,
"Noesen, Stefan",NJD,Right,0.000,0.000,RFA,,,,
"Lipon, JC",WPG,Right,0.000,0.000,RFA,,,,
"Bystrom, Ludwig",DAL,Defence,0.000,0.000,RFA,,,,
"Hellberg, Magnus",NYR,Goaltender,0.000,0.000,RFA,,,,
"Watson, Austin",NAS,Left,0.000,0.000,RFA,,,,
"Wedgewood, Scott",NJD,Goaltender,0.000,0.000,RFA,,,,
"Halmo, Mike",TBL,Left,0.000,0.000,UFAIV,,,,
"Diaby, Jonathan-Ismael",NAS,Defence,0.000,0.000,UFA,,,,
"Hrivik, Marek",NYR,Left,0.000,0.000,UFAIV,,,,
"Cousins, Nick",PHI,Center,0.000,0.000,RFA,,,,
"Hanzal, Martin",MIN,Center,0.000,0.000,UFA,,,,
"McNeill, Reid",STL,Defence,0.000,0.000,UFAIV,,,,
"Gaudet, Tyler",ARI,Center,0.000,0.000,RFA,,,,
"Anderson, Josh",CLB,Right,0.000,0.000,RFA,,,,
"Galiev, Stanislav",WAS,Right,0.000,0.000,UFAIV,,,,
"Mitchell, Garrett",WAS,Right,0.000,0.000,UFAIV,,,,
"Leipsic, Brendan",TOR,Left,0.000,0.000,RFA,,,,
"Lagace, Maxime",DAL,Goaltender,0.000,0.000,RFA,,,,
"Pulkkinen, Teemu",ARI,Left,0.000,0.000,RFA,,,,
"Henley, Samuel",COL,Right,0.000,0.000,RFA,,,,
"Samuelsson, Henrik",EDM,Center,0.000,0.000,RFA,,,,
"Dietz, Darren",WAS,Defence,0.000,0.000,UFA,,,,
"Lowe, Keegan",MTL,Defence,0.000,0.000,RFA,,,,
"Sparks, Garret",TOR,Goaltender,0.000,0.000,RFA,,,,
"Nilsson, Tom",VAN,Defence,0.000,0.000,RFA,,,,
"Koekkoek, Slater",TBL,Defence,0.000,0.000,RFA,,,,
"Dzingel, Ryan",OTT,Center,0.000,0.000,RFA,,,,
"Bodie, Mat",BUF,Defence,0.000,0.000,UFA,,,,
"Loverde, Vincent",LAK,Defence,0.000,0.000,UFA,,,,
"McGinn, Brock",CAR,Left,0.000,0.000,RFA,,,,
"Racine, Jonathan",TBL,Defence,0.000,0.000,RFA,,,,
"Kristo, Danny",CAR,Right,0.000,0.000,UFA,,,,
"Robinson, Buddy",SJS,Right,0.000,0.000,UFAIV,,,,
"Ross, Garret",ARI,Left,0.000,0.000,UFAIV,,,,
"Bournival, Michael",TBL,Left,0.000,0.000,RFA,,,,
"Ruhwedel, Chad",PIT,Defence,0.000,0.000,UFA,,,,
"Bjorkstrand, Patrick",LAK,Right,0.000,0.000,RFA,,,,
"Casto, Chris",BOS,Defence,0.000,0.000,UFAIV,,,,
"Vey, Linden",CGY,Right,0.000,0.000,RFA,,,,
"Hughes, Tommy",NYR,Defence,0.000,0.000,UFAIV,,,,
"Sieloff, Patrick",OTT,Defence,0.000,0.000,RFA,,,,
"Donnay, Troy",NYR,Defence,0.000,0.000,RFA,,,,
"Khaira, Jujhar",EDM,Left,0.000,0.000,RFA,,,,
"Letourneau-Leblond, Pierre-Luc",TBL,Left,0.000,0.000,UFA,,,,
"Regner, Brent",FLA,Defence,0.000,0.000,UFA,,,,
"Athanasiou, Andreas",DET,Center,0.000,0.000,RFA,,,,
"Finn, Matthew",NYI,Defence,0.000,0.000,RFA,,,,
"Brown, Connor",TOR,Right,0.000,0.000,RFA,,,,
"Carrick, Trevor",CAR,Defence,0.000,0.000,RFA,,,,
"Megna, Jaycob",ANA,Defence,0.000,0.000,RFA,,,,
"Altshuller, Daniel",CAR,Goaltender,0.000,0.000,RFA,,,,
"Kosmachuk, Scott",WPG,Right,0.000,0.000,RFA,,,,
"Moroz, Mitchell",ARI,Left,0.000,0.000,RFA,,,,
"Karlsson, Erik (b. 1994)",CAR,Left,0.000,0.000,RFA,,,,
"Grant, Alex",BOS,Defence,0.000,0.000,UFA,,,,
"Nesterov, Nikita",MTL,Defence,0.000,0.000,RFA,,,,
"Agostino, Kenny",STL,Left,0.000,0.000,UFA,,,,
"Fontaine, Justin",EDM,Right,0.000,0.000,UFA,,,,
"Czarnik, Austin",BOS,Center,0.000,0.000,RFA,,,,
"Pettersson, Jesper",PHI,Defence,0.000,0.000,RFA,,,,
"Arvidsson, Viktor",NAS,Left,0.000,0.000,RFA,,,,
"Dupuy, Jean",BUF,Left,0.000,0.000,RFA,,,,
"Gilbert, Tom",WAS,Defence,0.000,0.000,UFA,,,,
"Paterson, Jake",DET,Goaltender,0.000,0.000,RFA,,,,
"Leslie, Zachary",LAK,Defence,0.000,0.000,RFA,,,,
"Auger, Justin",LAK,Right,0.000,0.000,RFA,,,,
"Gudbranson, Alexander",MIN,Defence,0.000,0.000,RFA,,,,
"Aberg, Pontus",NAS,Left,0.000,0.000,RFA,,,,
"Girard, Felix",COL,Center,0.000,0.000,RFA,,,,
"Rissling, Jaynen",NAS,Defence,0.000,0.000,RFA,,,,
"Sundqvist, Oskar",PIT,Center,0.000,0.000,RFA,,,,
"Archibald, Josh",PIT,Right,0.000,0.000,RFA,,,,
"Dea, Jean-Sebastien",PIT,Center,0.000,0.000,RFA,,,,
"Leier, Taylor",PHI,Left,0.000,0.000,RFA,,,,
"Doty, Jacob",STL,Center,0.000,0.000,RFA,,,,
"Vermin, Joel",TBL,Right,0.000,0.000,UFAIV,,,,
"Jevpalovs, Nikita",SJS,Left,0.000,0.000,RFA,,,,
"Blandisi, Joseph",NJD,Center,0.000,0.000,RFA,,,,
"Duclair, Anthony",ARI,Left,0.000,0.000,RFA,,,,
"Summers, Chris",NYR,Defence,0.000,0.000,UFA,,,,
"Stollery, Karl",NJD,Defence,0.000,0.000,UFA,,,,
"Bourque, Rene",COL,Left,0.000,0.000,UFA,,,,
"Clark, Mat",COL,Defence,0.000,0.000,UFAIV,,,,
"Carey, Paul",WAS,Center,0.000,0.000,UFA,,,,
"Goulbourne, Tyrell",PHI,Left,0.000,0.000,RFA,,,,
"Laurikainen, Eetu",EDM,Goaltender,0.000,0.000,RFA,,,,
"Pietila, Blake",NJD,Left,0.000,0.000,RFA,,,,
"Acciari, Noel",BOS,Center,0.000,0.000,RFA,,,,
"Hargrove, Colton",BOS,Center,0.000,0.000,RFA,,,,
"Eaves, Patrick",ANA,Right,0.000,0.000,UFA,,,,
"Rau, Kyle",FLA,Center,0.000,0.000,RFA,,,,
"Rodrigues, Evan",BUF,Center,0.000,0.000,RFA,,,,
"Morrison, Kenney",CGY,Defence,0.000,0.000,RFA,,,,
"Hathaway, Garnet",CGY,Center,0.000,0.000,RFA,,,,
"Gustafsson, Erik (b. 1992)",CHI,Defence,0.000,0.000,RFA,,,,
"Balisy, Chase",FLA,Center,0.000,0.000,RFA,,,,
"Stevens, Colin",FLA,Goaltender,0.000,0.000,RFA,,,,
"Brodzinski, Jonny",LAK,Center,0.000,0.000,RFA,,,,
"Wingels, Tommy",OTT,Center,0.000,0.000,UFA,,,,
"Palmquist, Zach",MIN,Defence,0.000,0.000,RFA,,,,
"Downing, Grayson",ARI,Center,0.000,0.000,RFA,,,,
"MacMillan, Mark",MTL,Right,0.000,0.000,RFA,,,,
"Williams, Stephon",NYI,Goaltender,0.000,0.000,RFA,,,,
"OConnor, Matthew",OTT,Goaltender,0.000,0.000,RFA,,,,
"Bardreau, Cole",PHI,Center,0.000,0.000,RFA,,,,
"Ryan, Joakim",SJS,Defence,0.000,0.000,RFA,,,,
"Parayko, Colton",STL,Defence,0.000,0.000,RFA,,,,
"Peca, Matthew",TBL,Center,0.000,0.000,RFA,,,,
"Labate, Joseph",VAN,Center,0.000,0.000,RFA,,,,
"Boyd, Travis",WAS,Center,0.000,0.000,RFA,,,,
"Copp, Andrew",WPG,Center,0.000,0.000,RFA,,,,
"Lehner, Robin",BUF,Goaltender,0.000,0.000,RFA,,,,
"Reilly, Mike",MIN,Defence,0.000,0.000,RFA,,,,
"Nieto, Matt",COL,Left,0.000,0.000,RFA,,,,
"Sifers, Jaime",CLB,Defence,0.000,0.000,UFA,,,,
"Taormina, Matt",TBL,Defence,0.000,0.000,UFA,,,,
"Kearns, Bracken",NYI,Center,0.000,0.000,UFA,,,,
"OBrien, Jim",COL,Center,0.000,0.000,UFA,,,,
"Thompson, Paul",FLA,Right,0.000,0.000,UFA,,,,
"Budaj, Peter",TBL,Goaltender,0.000,0.000,UFA,,,,
"Liambas, Mike",NAS,Left,0.000,0.000,UFA,,,,
"Sheary, Conor",PIT,Left,0.000,0.000,RFA,,,,
"McNally, Patrick",SJS,Defence,0.000,0.000,RFA,,,,
"McIntyre, Zane",BOS,Goaltender,0.000,0.000,RFA,,,,
"Ryan, Derek",CAR,Center,0.000,0.000,UFA,,,,
"Johnston, Ryan",MTL,Defence,0.000,0.000,RFA,,,,
"Hyman, Zach",TOR,Center,0.000,0.000,RFA,,,,
"Gravel, Kevin",LAK,Defence,0.000,0.000,RFA,,,,
"Hagel, Marc",OTT,Right,0.000,0.000,UFA,,,,
"Michalek, Steve",MIN,Goaltender,0.000,0.000,RFA,,,,
"Mozik, Vojtech",NJD,Defence,0.000,0.000,RFA,,,,
"Coleman, Blake",NJD,Center,0.000,0.000,RFA,,,,
"Pardy, Adam",NAS,Defence,0.000,0.000,UFA,,,,
"Frk, Martin",DET,Right,0.000,0.000,RFA,,,,
"Lowry, Joel",LAK,Left,0.000,0.000,RFA,,,,
"Valleau, Nolan",CHI,Defence,0.000,0.000,RFA,,,,
"Yevenko, Oleg",CLB,Defence,0.000,0.000,RFA,,,,
"Campbell, Andrew",TOR,Defence,0.000,0.000,UFA,,,,
"Ritchie, Brett",DAL,Right,0.000,0.000,RFA,,,,
"Gaudreau, Frederick ",NAS,Center,0.000,0.000,RFA,,,,
"Grimaldi, Rocco",COL,Center,0.000,0.000,RFA,,,,
"Skapski, MacKenzie",NYR,Goaltender,0.000,0.000,RFA,,,,
"McKegg, Greg",TBL,Center,0.000,0.000,RFA,,,,
"Gagner, Sam",CLB,Center,0.000,0.000,UFA,,,,
"Lecavalier, Vincent",LAK,Center,0.000,0.000,3.000,UFA,,,
"Weal, Jordan",PHI,Center,0.000,0.000,UFAIV,,,,
"Johansen, Ryan",NAS,Center,0.000,0.000,RFA,,,,
"Friberg, Max",MTL,Left,0.000,0.000,RFA,,,,
"Etem, Emerson",ANA,Right,0.000,0.000,RFA,,,,
"Jensen, Nicklas",NYR,Left,0.000,0.000,RFA,,,,
"Kassian, Zack",EDM,Right,0.000,0.000,RFA,,,,
"Tinordi, Jarred",ARI,Defence,0.000,0.000,UFAIV,,,,
"Bartley, Victor",MIN,Defence,0.000,0.000,UFA,,,,
"Fournier, Stefan",TBL,Right,0.000,0.000,UFAIV,,,,
"Sorensen, Marcus",SJS,Left,0.000,0.000,RFA,,,,
"Garbutt, Ryan",ANA,Center,0.000,0.000,UFA,,,,
"Zalewski, Michael",VAN,Left,0.000,0.000,RFA,,,,
"Lecavalier, Vincent",PHI,Center,0.000,0.000,2.250,,,,
"Jooris, Josh",ARI,Center,0.000,0.000,RFA,,,,
"Clendening, Adam",NYR,Defence,0.000,0.000,RFA,,,,
"Sestito, Tom",PIT,Left,0.000,0.000,UFA,,,,
"Michalek, Milan",TOR,Left,0.000,0.000,UFA,,,,
"Holl, Justin",TOR,Defence,0.000,0.000,RFA,,,,
"Bailey, Casey",OTT,Center,0.000,0.000,RFA,,,,
"Rupert, Ryan",OTT,Center,0.000,0.000,RFA,,,,
"Polak, Roman",TOR,Defence,0.000,0.000,UFA,,,,
"Armalis, Mantas",SJS,Goaltender,0.000,0.000,RFA,,,,
"Kalinin, Sergey",TOR,Center,0.000,0.000,RFA,,,,
"Nilsson, Anders",BUF,Goaltender,0.000,0.000,UFA,,,,
"Lindgren, Charlie",MTL,Goaltender,0.000,0.000,RFA,,,,
"Tanev, Brandon",WPG,Left,0.000,0.000,RFA,,,,
"Morin, Jeremy",ARI,Left,0.000,0.000,RFA,,,,
"Hudler, Jiri",DAL,Center,0.000,0.000,UFA,,,,
"Schultz, Justin",PIT,Defence,0.000,0.000,RFA,,,,
"Purcell, Teddy",LAK,Right,0.000,0.000,UFA,,,,
"Versteeg, Kris",CGY,Right,0.000,0.000,UFA,,,,
"Winnik, Daniel",WAS,Center,0.000,0.000,UFA,,,,
"Brown, Chris",NYR,Center,0.000,0.000,UFAIV,,,,
"Fiddler, Vernon",NAS,Center,0.000,0.000,UFA,,,,
"Puempel, Matt",NYR,Left,0.000,0.000,RFA,,,,
"Robertson, Dennis",CAR,Defence,0.000,0.000,UFAIV,,,,
"Jurco, Tomas",CHI,Right,0.000,0.000,RFA,,,,
"Larsen, Philip",VAN,Defence,0.000,0.000,UFA,,,,
"Gelinas, Eric",COL,Defence,0.000,0.000,RFA,,,,
"Russell, Kris",EDM,Defence,0.000,0.000,UFA,,,,
"Warsofsky, David",PIT,Defence,0.000,0.000,UFA,,,,
"Pirri, Brandon",NYR,Center,0.000,0.000,RFA,,,,
"Liles, John-Michael",BOS,Defence,0.000,0.000,UFA,,,,
"Matteau, Stefan",MTL,Left,0.000,0.000,RFA,,,,
"Goloubef, Cody",COL,Defence,0.000,0.000,UFA,,,,
"Varone,\u00a0Philip",OTT,Center,0.000,0.000,RFA,,,,
"Nehring, Chad",OTT,Center,0.000,0.000,UFA,,,,
"Schneider, Cole",BUF,Center,0.000,0.000,UFAIV,,,,
"Carruth, Mac",CHI,Goaltender,0.000,0.000,UFAIV,,,,
"Froese, Byron",TBL,Center,0.000,0.000,RFA,,,,
"Berra, Reto",FLA,Goaltender,0.000,0.000,UFA,,,,
"Kindl, Jakub",FLA,Defence,0.000,0.000,UFA,,,,
"Tryamkin, Nikita",VAN,Defence,0.000,0.000,RFA,,,,
"Sallinen, Jere",EDM,Right,0.000,0.000,RFA,,,,
"Hanley, Joel",MTL,Defence,0.000,0.000,RFA,,,,
"Rodin, Anton",VAN,Right,0.000,0.000,UFAIV,,,,
"Boyle, Kevin",ANA,Goaltender,0.000,0.000,RFA,,,,
"Burgdoerfer, Erik",BUF,Defence,0.000,0.000,UFA,,,,
"Setoguchi, Devin",LAK,Right,0.000,0.000,UFA,,,,
"Holland, Peter",ARI,Center,0.000,0.000,RFA,,,,
"White, Ryan",MIN,Center,0.000,0.000,UFA,,,,
"Lander, Anton",EDM,Center,0.000,0.000,RFA,,,,
"Greening, Colin",TOR,Center,0.000,0.000,UFA,,,,
"Pavelec, Ondrej",WPG,Goaltender,0.000,0.000,UFA,,,,
"Michalek, Zbynek",ARI,Defence,0.000,0.000,UFA,,,,
"Gionta, Stephen",NYI,Right,0.000,0.000,UFA,,,,
"Scuderi, Rob",LAK,Defence,0.000,0.000,UFA,,,,
"Glass, Tanner",NYR,Left,0.000,0.000,UFA,,,,
"Laich, Brooks",TOR,Center,0.000,0.000,UFA,,,,
"Copley, Pheonix",WAS,Goaltender,0.000,0.000,RFA,,,,
"Smith, Brendan",NYR,Defence,0.000,0.000,UFA,,,,
"Stalberg, Viktor",OTT,Left,0.000,0.000,UFA,,,,
"Bergeron, Marc-Andre",CLB,Defence,0.000,0.000,UFA,,,,
"Weber, Mike",MIN,Defence,0.000,0.000,UFA,,,,
"Desharnais, David",EDM,Center,0.000,0.000,UFA,,,,
"Oduya, Johnny",CHI,Defence,0.000,0.000,UFA,,,,
"Ott, Steve",MTL,Left,0.000,0.000,UFA,,,,
"Vanek, Thomas",FLA,Left,0.000,0.000,UFA,,,,
"McIlrath, Dylan",DET,Defence,0.000,0.000,UFAIV,,,,
"Cramarossa, Joseph",VAN,Center,0.000,0.000,RFA,,,,
"King, Dwight",MTL,Left,0.000,0.000,UFA,,,,
"Iginla, Jarome",LAK,Right,0.000,0.000,UFA,,,,
"Rooney, Kevin",NJD,Center,0.000,0.000,RFA,,,,
"Wilcox, Adam",FLA,Goaltender,0.000,0.000,RFA,,,,
"McKenna, Mike",TBL,Goaltender,0.000,0.000,UFA,,,,
"Quincey, Kyle",CLB,Defence,0.000,0.000,UFA,,,,
"Beck, Taylor",NYR,Left,0.000,0.000,RFA,,,,
"Andrighetto, Sven",COL,Right,0.000,0.000,RFA,,,,
"Streit, Mark",PIT,Defence,0.000,0.000,UFA,,,,
"Parenteau, P.A.",NAS,Left,0.000,0.000,UFA,,,,
"Lazar, Curtis",CGY,Center,0.000,0.000,RFA,,,,
"Jokipakka, Jyrki",OTT,Defence,0.000,0.000,RFA,,,,
"Oleksy, Steve",TOR,Defence,0.000,0.000,UFA,,,,
"Corrado, Frank",PIT,Defence,0.000,0.000,RFA,,,,
"Stafford, Drew",BOS,Right,0.000,0.000,UFA,,,,
"Korpikoski, Lauri",CLB,Left,0.000,0.000,UFA,,,,
"Harper, Shane",NJD,Right,0.000,0.000,UFA,,,,
"Abbott, Spencer",ANA,Right,0.000,0.000,UFA,,,,
"Shore, Drew",VAN,Center,0.000,0.000,RFA,,,,
"Oleksy, Steve",TOR,Defence,0.000,0.000,UFA,,,,
"Corrado, Frank",PIT,Defence,0.000,0.000,RFA,,,,
"Stafford, Drew",BOS,Right,0.000,0.000,UFA,,,,
"Korpikoski, Lauri",CLB,Left,0.000,0.000,UFA,,,,
"Harper, Shane",NJD,Right,0.000,0.000,UFA,,,,
"Abbott, Spencer",ANA,Right,0.000,0.000,UFA,,,,
"Shore, Drew",VAN,Center,0.000,0.000,RFA,,,,
